file,point_index,x_px,y_px,rssi,rssi_float,area
Screenshot_2026-05-21-21-30-51-08_54e368fb2e9b109578f5ee3d0fcec732.jpg,1,134.7,672.7,-76,-76.0,37
Screenshot_2026-05-21-21-30-51-08_54e368fb2e9b109578f5ee3d0fcec732.jpg,2,138.5,699.6,-82,-82.02,76
Screenshot_2026-05-21-21-30-51-08_54e368fb2e9b109578f5ee3d0fcec732.jpg,3,146.4,672.9,-76,-76.04,78
Screenshot_2026-05-21-21-30-51-08_54e368fb2e9b109578f5ee3d0fcec732.jpg,4,158.8,650.5,-71,-71.01,68
Screenshot_2026-05-21-21-30-51-08_54e368fb2e9b109578f5ee3d0fcec732.jpg,5,166.2,650.5,-71,-71.01,68
Screenshot_2026-05-21-21-30-51-08_54e368fb2e9b109578f5ee3d0fcec732.jpg,6,178.1,686.5,-79,-79.1,80
Screenshot_2026-05-21-21-30-51-08_54e368fb2e9b109578f5ee3d0fcec732.jpg,7,196.1,681.6,-78,-78.01,64
Screenshot_2026-05-21-21-30-51-08_54e368fb2e9b109578f5ee3d0fcec732.jpg,8,202.5,681.7,-78,-78.03,57
Screenshot_2026-05-21-21-30-51-08_54e368fb2e9b109578f5ee3d0fcec732.jpg,9,209.8,681.8,-78,-78.05,76
Screenshot_2026-05-21-21-30-51-08_54e368fb2e9b109578f5ee3d0fcec732.jpg,10,224.9,681.7,-78,-78.02,132
Screenshot_2026-05-21-21-30-51-08_54e368fb2e9b109578f5ee3d0fcec732.jpg,11,234.4,650.4,-71,-70.99,75
Screenshot_2026-05-21-21-30-51-08_54e368fb2e9b109578f5ee3d0fcec732.jpg,12,240.8,655.3,-72,-72.1,64
Screenshot_2026-05-21-21-30-51-08_54e368fb2e9b109578f5ee3d0fcec732.jpg,13,246.8,650.3,-71,-70.98,69
Screenshot_2026-05-21-21-30-51-08_54e368fb2e9b109578f5ee3d0fcec732.jpg,14,253.5,650.5,-71,-71.01,56
Screenshot_2026-05-21-21-30-51-08_54e368fb2e9b109578f5ee3d0fcec732.jpg,15,260.0,650.5,-71,-71.01,66
Screenshot_2026-05-21-21-30-51-08_54e368fb2e9b109578f5ee3d0fcec732.jpg,16,267.0,650.5,-71,-71.02,64
Screenshot_2026-05-21-21-30-51-08_54e368fb2e9b109578f5ee3d0fcec732.jpg,17,272.3,645.7,-70,-69.94,56
Screenshot_2026-05-21-21-30-51-08_54e368fb2e9b109578f5ee3d0fcec732.jpg,18,279.2,646.1,-70,-70.02,67
Screenshot_2026-05-21-21-30-51-08_54e368fb2e9b109578f5ee3d0fcec732.jpg,19,284.4,659.6,-73,-73.06,64
Screenshot_2026-05-21-21-30-51-08_54e368fb2e9b109578f5ee3d0fcec732.jpg,20,291.9,659.4,-73,-73.01,72
Screenshot_2026-05-21-21-30-51-08_54e368fb2e9b109578f5ee3d0fcec732.jpg,21,297.3,646.0,-70,-70.0,57
Screenshot_2026-05-21-21-30-51-08_54e368fb2e9b109578f5ee3d0fcec732.jpg,22,303.0,646.0,-70,-70.0,45
Screenshot_2026-05-21-21-30-51-08_54e368fb2e9b109578f5ee3d0fcec732.jpg,23,308.0,646.0,-70,-70.0,45
Screenshot_2026-05-21-21-30-51-08_54e368fb2e9b109578f5ee3d0fcec732.jpg,24,316.1,646.0,-70,-70.0,100
Screenshot_2026-05-21-21-30-51-08_54e368fb2e9b109578f5ee3d0fcec732.jpg,25,330.2,650.7,-71,-71.05,74
Screenshot_2026-05-21-21-30-51-08_54e368fb2e9b109578f5ee3d0fcec732.jpg,26,335.6,645.6,-70,-69.91,50
Screenshot_2026-05-21-21-30-51-08_54e368fb2e9b109578f5ee3d0fcec732.jpg,27,342.7,646.0,-70,-70.0,75
Screenshot_2026-05-21-21-30-51-08_54e368fb2e9b109578f5ee3d0fcec732.jpg,28,361.1,650.5,-71,-71.01,73
Screenshot_2026-05-21-21-30-51-08_54e368fb2e9b109578f5ee3d0fcec732.jpg,29,367.2,654.9,-72,-71.99,61
Screenshot_2026-05-21-21-30-51-08_54e368fb2e9b109578f5ee3d0fcec732.jpg,30,374.3,654.9,-72,-72.01,71
Screenshot_2026-05-21-21-30-51-08_54e368fb2e9b109578f5ee3d0fcec732.jpg,31,380.6,650.4,-71,-71.0,67
Screenshot_2026-05-21-21-30-51-08_54e368fb2e9b109578f5ee3d0fcec732.jpg,32,386.7,654.7,-72,-71.96,69
Screenshot_2026-05-21-21-30-51-08_54e368fb2e9b109578f5ee3d0fcec732.jpg,33,393.0,659.6,-73,-73.05,64
Screenshot_2026-05-21-21-30-51-08_54e368fb2e9b109578f5ee3d0fcec732.jpg,34,400.2,659.5,-73,-73.03,68
Screenshot_2026-05-21-21-30-51-08_54e368fb2e9b109578f5ee3d0fcec732.jpg,35,405.9,681.7,-78,-78.01,76
Screenshot_2026-05-21-21-30-51-08_54e368fb2e9b109578f5ee3d0fcec732.jpg,36,424.7,659.5,-73,-73.04,78
Screenshot_2026-05-21-21-30-51-08_54e368fb2e9b109578f5ee3d0fcec732.jpg,37,437.4,668.4,-75,-75.04,79
Screenshot_2026-05-21-21-30-51-08_54e368fb2e9b109578f5ee3d0fcec732.jpg,38,443.8,654.9,-72,-71.99,72
Screenshot_2026-05-21-21-30-51-08_54e368fb2e9b109578f5ee3d0fcec732.jpg,39,450.2,672.7,-76,-75.99,74
Screenshot_2026-05-21-21-30-51-08_54e368fb2e9b109578f5ee3d0fcec732.jpg,40,457.0,677.5,-77,-77.08,73
Screenshot_2026-05-21-21-30-51-08_54e368fb2e9b109578f5ee3d0fcec732.jpg,41,462.6,654.9,-72,-72.01,77
Screenshot_2026-05-21-21-30-51-08_54e368fb2e9b109578f5ee3d0fcec732.jpg,42,475.4,663.9,-74,-74.03,77
Screenshot_2026-05-21-21-30-51-08_54e368fb2e9b109578f5ee3d0fcec732.jpg,43,481.8,722.2,-87,-87.05,74
Screenshot_2026-05-21-21-30-51-08_54e368fb2e9b109578f5ee3d0fcec732.jpg,44,488.3,753.4,-94,-93.99,81
Screenshot_2026-05-21-21-30-51-08_54e368fb2e9b109578f5ee3d0fcec732.jpg,45,500.8,748.9,-93,-92.98,74
Screenshot_2026-05-21-21-30-51-08_54e368fb2e9b109578f5ee3d0fcec732.jpg,46,507.2,735.5,-90,-90.01,77
Screenshot_2026-05-21-21-30-51-08_54e368fb2e9b109578f5ee3d0fcec732.jpg,47,514.6,726.5,-88,-88.01,79
Screenshot_2026-05-21-21-30-51-08_54e368fb2e9b109578f5ee3d0fcec732.jpg,48,521.0,650.5,-71,-71.01,78
Screenshot_2026-05-21-21-30-51-08_54e368fb2e9b109578f5ee3d0fcec732.jpg,49,533.9,713.3,-85,-85.06,75
Screenshot_2026-05-21-21-30-51-08_54e368fb2e9b109578f5ee3d0fcec732.jpg,50,540.5,650.5,-71,-71.0,77
Screenshot_2026-05-21-21-30-51-08_54e368fb2e9b109578f5ee3d0fcec732.jpg,51,553.5,650.2,-71,-70.95,71
Screenshot_2026-05-21-21-30-51-08_54e368fb2e9b109578f5ee3d0fcec732.jpg,52,559.1,655.1,-72,-72.04,62
Screenshot_2026-05-21-21-30-51-08_54e368fb2e9b109578f5ee3d0fcec732.jpg,53,566.3,654.9,-72,-71.99,66
Screenshot_2026-05-21-21-30-51-08_54e368fb2e9b109578f5ee3d0fcec732.jpg,54,578.6,654.9,-72,-72.01,77
Screenshot_2026-05-21-21-30-51-08_54e368fb2e9b109578f5ee3d0fcec732.jpg,55,591.5,659.5,-73,-73.04,78
Screenshot_2026-05-21-21-30-51-08_54e368fb2e9b109578f5ee3d0fcec732.jpg,56,609.9,659.4,-73,-73.02,67
Screenshot_2026-05-21-21-30-51-08_54e368fb2e9b109578f5ee3d0fcec732.jpg,57,617.0,659.4,-73,-73.01,64
Screenshot_2026-05-21-21-30-51-08_54e368fb2e9b109578f5ee3d0fcec732.jpg,58,623.5,663.9,-74,-74.02,76
Screenshot_2026-05-21-21-30-51-08_54e368fb2e9b109578f5ee3d0fcec732.jpg,59,635.7,668.4,-75,-75.03,70
Screenshot_2026-05-21-21-30-51-08_54e368fb2e9b109578f5ee3d0fcec732.jpg,60,642.5,668.2,-75,-74.98,57
Screenshot_2026-05-21-21-30-51-08_54e368fb2e9b109578f5ee3d0fcec732.jpg,61,648.4,672.8,-76,-76.02,73
Screenshot_2026-05-21-21-30-51-08_54e368fb2e9b109578f5ee3d0fcec732.jpg,62,660.4,672.8,-76,-76.02,74
Screenshot_2026-05-21-21-30-51-08_54e368fb2e9b109578f5ee3d0fcec732.jpg,63,668.1,672.8,-76,-76.03,66
Screenshot_2026-05-21-21-30-51-08_54e368fb2e9b109578f5ee3d0fcec732.jpg,64,673.4,654.9,-72,-72.01,79
Screenshot_2026-05-21-21-30-51-08_54e368fb2e9b109578f5ee3d0fcec732.jpg,65,679.9,672.7,-76,-75.99,75
Screenshot_2026-05-21-21-30-51-08_54e368fb2e9b109578f5ee3d0fcec732.jpg,66,692.6,672.9,-76,-76.04,78
Screenshot_2026-05-21-21-30-51-08_54e368fb2e9b109578f5ee3d0fcec732.jpg,67,704.3,672.7,-76,-76.0,61
Screenshot_2026-05-21-21-30-51-08_54e368fb2e9b109578f5ee3d0fcec732.jpg,68,711.3,672.7,-76,-75.99,69
Screenshot_2026-05-21-21-30-51-08_54e368fb2e9b109578f5ee3d0fcec732.jpg,69,718.0,677.5,-77,-77.07,75
Screenshot_2026-05-21-21-30-51-08_54e368fb2e9b109578f5ee3d0fcec732.jpg,70,724.2,650.5,-71,-71.01,78
Screenshot_2026-05-21-21-30-51-08_54e368fb2e9b109578f5ee3d0fcec732.jpg,71,730.8,641.5,-69,-68.99,78
Screenshot_2026-05-21-21-30-51-08_54e368fb2e9b109578f5ee3d0fcec732.jpg,72,743.6,663.9,-74,-74.02,78
Screenshot_2026-05-21-21-30-51-08_54e368fb2e9b109578f5ee3d0fcec732.jpg,73,749.6,695.2,-81,-81.04,79
Screenshot_2026-05-21-21-30-51-08_54e368fb2e9b109578f5ee3d0fcec732.jpg,74,762.6,650.5,-71,-71.0,79
Screenshot_2026-05-21-21-30-51-08_54e368fb2e9b109578f5ee3d0fcec732.jpg,75,783.0,650.5,-71,-71.01,78
Screenshot_2026-05-21-21-30-51-08_54e368fb2e9b109578f5ee3d0fcec732.jpg,76,801.8,650.5,-71,-71.0,77
Screenshot_2026-05-21-21-30-51-08_54e368fb2e9b109578f5ee3d0fcec732.jpg,77,813.9,668.4,-75,-75.03,77
Screenshot_2026-05-21-21-30-51-08_54e368fb2e9b109578f5ee3d0fcec732.jpg,78,883.4,650.5,-71,-71.01,78
Screenshot_2026-05-21-21-30-51-08_54e368fb2e9b109578f5ee3d0fcec732.jpg,79,952.8,672.9,-76,-76.03,68
Screenshot_2026-05-21-21-30-51-08_54e368fb2e9b109578f5ee3d0fcec732.jpg,80,960.7,672.9,-76,-76.04,73
Screenshot_2026-05-21-21-31-41-59_54e368fb2e9b109578f5ee3d0fcec732.jpg,1,134.7,645.9,-70,-69.98,40
Screenshot_2026-05-21-21-31-41-59_54e368fb2e9b109578f5ee3d0fcec732.jpg,2,138.6,628.1,-66,-65.98,78
Screenshot_2026-05-21-21-31-41-59_54e368fb2e9b109578f5ee3d0fcec732.jpg,3,157.5,659.5,-73,-73.02,79
Screenshot_2026-05-21-21-31-41-59_54e368fb2e9b109578f5ee3d0fcec732.jpg,4,176.6,663.9,-74,-74.02,78
Screenshot_2026-05-21-21-31-41-59_54e368fb2e9b109578f5ee3d0fcec732.jpg,5,182.6,699.8,-82,-82.06,74
Screenshot_2026-05-21-21-31-41-59_54e368fb2e9b109578f5ee3d0fcec732.jpg,6,189.5,695.1,-81,-81.03,75
Screenshot_2026-05-21-21-31-41-59_54e368fb2e9b109578f5ee3d0fcec732.jpg,7,196.0,641.6,-69,-69.0,77
Screenshot_2026-05-21-21-31-41-59_54e368fb2e9b109578f5ee3d0fcec732.jpg,8,210.5,668.4,-75,-75.02,79
Screenshot_2026-05-21-21-31-41-59_54e368fb2e9b109578f5ee3d0fcec732.jpg,9,224.0,641.6,-69,-69.0,77
Screenshot_2026-05-21-21-31-41-59_54e368fb2e9b109578f5ee3d0fcec732.jpg,10,229.6,663.9,-74,-74.02,78
Screenshot_2026-05-21-21-31-41-59_54e368fb2e9b109578f5ee3d0fcec732.jpg,11,249.0,650.5,-71,-71.01,78
Screenshot_2026-05-21-21-31-41-59_54e368fb2e9b109578f5ee3d0fcec732.jpg,12,255.3,668.5,-75,-75.06,80
Screenshot_2026-05-21-21-31-41-59_54e368fb2e9b109578f5ee3d0fcec732.jpg,13,267.9,659.4,-73,-73.02,73
Screenshot_2026-05-21-21-31-41-59_54e368fb2e9b109578f5ee3d0fcec732.jpg,14,274.2,668.4,-75,-75.03,78
Screenshot_2026-05-21-21-31-41-59_54e368fb2e9b109578f5ee3d0fcec732.jpg,15,299.3,668.5,-75,-75.05,75
Screenshot_2026-05-21-21-31-41-59_54e368fb2e9b109578f5ee3d0fcec732.jpg,16,306.0,663.7,-74,-73.98,69
Screenshot_2026-05-21-21-31-41-59_54e368fb2e9b109578f5ee3d0fcec732.jpg,17,312.1,650.5,-71,-71.01,80
Screenshot_2026-05-21-21-31-41-59_54e368fb2e9b109578f5ee3d0fcec732.jpg,18,324.7,663.9,-74,-74.02,76
Screenshot_2026-05-21-21-31-41-59_54e368fb2e9b109578f5ee3d0fcec732.jpg,19,331.1,672.6,-76,-75.98,71
Screenshot_2026-05-21-21-31-41-59_54e368fb2e9b109578f5ee3d0fcec732.jpg,20,337.7,677.6,-77,-77.09,74
Screenshot_2026-05-21-21-31-41-59_54e368fb2e9b109578f5ee3d0fcec732.jpg,21,357.1,668.4,-75,-75.03,77
Screenshot_2026-05-21-21-31-41-59_54e368fb2e9b109578f5ee3d0fcec732.jpg,22,363.1,748.9,-93,-92.97,71
Screenshot_2026-05-21-21-31-41-59_54e368fb2e9b109578f5ee3d0fcec732.jpg,23,376.9,690.9,-80,-80.08,97
Screenshot_2026-05-21-21-31-41-59_54e368fb2e9b109578f5ee3d0fcec732.jpg,24,383.9,690.2,-80,-79.93,38
Screenshot_2026-05-21-21-31-41-59_54e368fb2e9b109578f5ee3d0fcec732.jpg,25,389.1,686.4,-79,-79.08,74
Screenshot_2026-05-21-21-31-41-59_54e368fb2e9b109578f5ee3d0fcec732.jpg,26,395.0,659.4,-73,-73.01,76
Screenshot_2026-05-21-21-31-41-59_54e368fb2e9b109578f5ee3d0fcec732.jpg,27,401.4,726.5,-88,-88.0,78
Screenshot_2026-05-21-21-31-41-59_54e368fb2e9b109578f5ee3d0fcec732.jpg,28,407.5,677.5,-77,-77.07,79
Screenshot_2026-05-21-21-31-41-59_54e368fb2e9b109578f5ee3d0fcec732.jpg,29,413.8,686.5,-79,-79.09,80
Screenshot_2026-05-21-21-31-41-59_54e368fb2e9b109578f5ee3d0fcec732.jpg,30,439.5,704.2,-83,-83.04,78
Screenshot_2026-05-21-21-31-41-59_54e368fb2e9b109578f5ee3d0fcec732.jpg,31,445.9,677.4,-77,-77.05,78
Screenshot_2026-05-21-21-31-41-59_54e368fb2e9b109578f5ee3d0fcec732.jpg,32,458.6,681.8,-78,-78.06,79
Screenshot_2026-05-21-21-31-41-59_54e368fb2e9b109578f5ee3d0fcec732.jpg,33,477.3,672.8,-76,-76.02,76
Screenshot_2026-05-21-21-31-41-59_54e368fb2e9b109578f5ee3d0fcec732.jpg,34,489.7,690.8,-80,-80.06,79
Screenshot_2026-05-21-21-31-41-59_54e368fb2e9b109578f5ee3d0fcec732.jpg,35,560.2,690.7,-80,-80.05,78
Screenshot_2026-05-21-21-31-41-59_54e368fb2e9b109578f5ee3d0fcec732.jpg,36,629.5,717.6,-86,-86.03,73
Screenshot_2026-05-21-21-31-41-59_54e368fb2e9b109578f5ee3d0fcec732.jpg,37,636.7,717.7,-86,-86.05,60
Screenshot_2026-05-21-21-31-41-59_54e368fb2e9b109578f5ee3d0fcec732.jpg,38,704.9,668.4,-75,-75.03,78
Screenshot_2026-05-21-21-31-41-59_54e368fb2e9b109578f5ee3d0fcec732.jpg,39,774.6,650.5,-71,-71.01,78
Screenshot_2026-05-21-21-31-41-59_54e368fb2e9b109578f5ee3d0fcec732.jpg,40,850.1,677.3,-77,-77.04,77
Screenshot_2026-05-21-21-31-41-59_54e368fb2e9b109578f5ee3d0fcec732.jpg,41,925.6,610.1,-62,-61.94,78
Screenshot_2026-05-21-21-31-41-59_54e368fb2e9b109578f5ee3d0fcec732.jpg,42,990.0,650.5,-71,-71.01,78
Screenshot_2026-05-21-21-33-21-80_54e368fb2e9b109578f5ee3d0fcec732.jpg,1,134.7,646.0,-70,-70.0,39
Screenshot_2026-05-21-21-33-21-80_54e368fb2e9b109578f5ee3d0fcec732.jpg,2,144.6,641.5,-69,-69.0,79
Screenshot_2026-05-21-21-33-21-80_54e368fb2e9b109578f5ee3d0fcec732.jpg,3,182.2,641.5,-69,-68.99,78
Screenshot_2026-05-21-21-33-21-80_54e368fb2e9b109578f5ee3d0fcec732.jpg,4,188.4,659.5,-73,-73.04,78
Screenshot_2026-05-21-21-33-21-80_54e368fb2e9b109578f5ee3d0fcec732.jpg,5,207.7,646.0,-70,-70.0,74
Screenshot_2026-05-21-21-33-21-80_54e368fb2e9b109578f5ee3d0fcec732.jpg,6,213.8,659.6,-73,-73.05,77
Screenshot_2026-05-21-21-33-21-80_54e368fb2e9b109578f5ee3d0fcec732.jpg,7,219.7,646.0,-70,-70.0,74
Screenshot_2026-05-21-21-33-21-80_54e368fb2e9b109578f5ee3d0fcec732.jpg,8,232.5,646.0,-70,-70.0,78
Screenshot_2026-05-21-21-33-21-80_54e368fb2e9b109578f5ee3d0fcec732.jpg,9,250.8,654.8,-72,-71.99,73
Screenshot_2026-05-21-21-33-21-80_54e368fb2e9b109578f5ee3d0fcec732.jpg,10,275.6,646.0,-70,-70.0,76
Screenshot_2026-05-21-21-33-21-80_54e368fb2e9b109578f5ee3d0fcec732.jpg,11,294.6,637.0,-68,-67.98,77
Screenshot_2026-05-21-21-33-21-80_54e368fb2e9b109578f5ee3d0fcec732.jpg,12,300.5,659.4,-73,-73.0,74
Screenshot_2026-05-21-21-33-21-80_54e368fb2e9b109578f5ee3d0fcec732.jpg,13,307.0,664.0,-74,-74.05,71
Screenshot_2026-05-21-21-33-21-80_54e368fb2e9b109578f5ee3d0fcec732.jpg,14,318.6,654.9,-72,-72.01,77
Screenshot_2026-05-21-21-33-21-80_54e368fb2e9b109578f5ee3d0fcec732.jpg,15,324.6,663.9,-74,-74.03,77
Screenshot_2026-05-21-21-33-21-80_54e368fb2e9b109578f5ee3d0fcec732.jpg,16,343.8,659.5,-73,-73.03,77
Screenshot_2026-05-21-21-33-21-80_54e368fb2e9b109578f5ee3d0fcec732.jpg,17,349.7,619.1,-64,-63.96,75
Screenshot_2026-05-21-21-33-21-80_54e368fb2e9b109578f5ee3d0fcec732.jpg,18,356.3,668.4,-75,-75.03,80
Screenshot_2026-05-21-21-33-21-80_54e368fb2e9b109578f5ee3d0fcec732.jpg,19,362.6,650.5,-71,-71.0,79
Screenshot_2026-05-21-21-33-21-80_54e368fb2e9b109578f5ee3d0fcec732.jpg,20,375.4,646.0,-70,-70.0,76
Screenshot_2026-05-21-21-33-21-80_54e368fb2e9b109578f5ee3d0fcec732.jpg,21,394.5,646.0,-70,-70.0,78
Screenshot_2026-05-21-21-33-21-80_54e368fb2e9b109578f5ee3d0fcec732.jpg,22,401.3,659.6,-73,-73.06,75
Screenshot_2026-05-21-21-33-21-80_54e368fb2e9b109578f5ee3d0fcec732.jpg,23,408.1,654.7,-72,-71.96,67
Screenshot_2026-05-21-21-33-21-80_54e368fb2e9b109578f5ee3d0fcec732.jpg,24,414.6,632.5,-67,-66.97,78
Screenshot_2026-05-21-21-33-21-80_54e368fb2e9b109578f5ee3d0fcec732.jpg,25,420.9,677.4,-77,-77.05,78
Screenshot_2026-05-21-21-33-21-80_54e368fb2e9b109578f5ee3d0fcec732.jpg,26,446.4,654.9,-72,-71.99,78
Screenshot_2026-05-21-21-33-21-80_54e368fb2e9b109578f5ee3d0fcec732.jpg,27,452.7,632.6,-67,-66.98,81
Screenshot_2026-05-21-21-33-21-80_54e368fb2e9b109578f5ee3d0fcec732.jpg,28,458.9,654.8,-72,-71.98,74
Screenshot_2026-05-21-21-33-21-80_54e368fb2e9b109578f5ee3d0fcec732.jpg,29,465.5,663.8,-74,-74.0,78
Screenshot_2026-05-21-21-33-21-80_54e368fb2e9b109578f5ee3d0fcec732.jpg,30,490.5,686.5,-79,-79.09,81
Screenshot_2026-05-21-21-33-21-80_54e368fb2e9b109578f5ee3d0fcec732.jpg,31,497.1,677.3,-77,-77.04,76
Screenshot_2026-05-21-21-33-21-80_54e368fb2e9b109578f5ee3d0fcec732.jpg,32,568.1,677.4,-77,-77.05,78
Screenshot_2026-05-21-21-33-21-80_54e368fb2e9b109578f5ee3d0fcec732.jpg,33,712.6,650.5,-71,-71.01,78
Screenshot_2026-05-21-21-33-21-80_54e368fb2e9b109578f5ee3d0fcec732.jpg,34,781.8,645.9,-70,-69.99,73
Screenshot_2026-05-21-21-33-21-80_54e368fb2e9b109578f5ee3d0fcec732.jpg,35,851.3,663.9,-74,-74.02,76
Screenshot_2026-05-21-21-33-21-80_54e368fb2e9b109578f5ee3d0fcec732.jpg,36,857.6,654.9,-72,-72.01,79
Screenshot_2026-05-21-21-33-21-80_54e368fb2e9b109578f5ee3d0fcec732.jpg,37,926.6,654.9,-72,-71.99,78
Screenshot_2026-05-21-21-33-21-80_54e368fb2e9b109578f5ee3d0fcec732.jpg,38,997.4,654.9,-72,-71.99,78
Screenshot_2026-05-21-21-35-02-21_54e368fb2e9b109578f5ee3d0fcec732.jpg,1,134.7,623.6,-65,-64.97,37
Screenshot_2026-05-21-21-35-02-21_54e368fb2e9b109578f5ee3d0fcec732.jpg,2,177.1,614.6,-63,-62.95,78
Screenshot_2026-05-21-21-35-02-21_54e368fb2e9b109578f5ee3d0fcec732.jpg,3,221.4,686.4,-79,-79.08,80
Screenshot_2026-05-21-21-35-02-21_54e368fb2e9b109578f5ee3d0fcec732.jpg,4,259.5,641.5,-69,-68.98,79
Screenshot_2026-05-21-21-35-02-21_54e368fb2e9b109578f5ee3d0fcec732.jpg,5,265.5,632.5,-67,-66.98,79
Screenshot_2026-05-21-21-35-02-21_54e368fb2e9b109578f5ee3d0fcec732.jpg,6,311.5,596.7,-59,-58.93,80
Screenshot_2026-05-21-21-35-02-21_54e368fb2e9b109578f5ee3d0fcec732.jpg,7,355.2,641.5,-69,-68.99,78
Screenshot_2026-05-21-21-35-02-21_54e368fb2e9b109578f5ee3d0fcec732.jpg,8,391.8,610.1,-62,-61.94,68
Screenshot_2026-05-21-21-35-02-21_54e368fb2e9b109578f5ee3d0fcec732.jpg,9,399.3,610.4,-62,-61.99,70
Screenshot_2026-05-21-21-35-02-21_54e368fb2e9b109578f5ee3d0fcec732.jpg,10,432.9,681.6,-78,-78.01,77
Screenshot_2026-05-21-21-35-02-21_54e368fb2e9b109578f5ee3d0fcec732.jpg,11,439.0,668.4,-75,-75.03,76
Screenshot_2026-05-21-21-35-02-21_54e368fb2e9b109578f5ee3d0fcec732.jpg,12,483.7,610.2,-62,-61.95,76
Screenshot_2026-05-21-21-35-02-21_54e368fb2e9b109578f5ee3d0fcec732.jpg,13,521.4,650.6,-71,-71.03,75
Screenshot_2026-05-21-21-35-02-21_54e368fb2e9b109578f5ee3d0fcec732.jpg,14,528.0,645.8,-70,-69.96,69
Screenshot_2026-05-21-21-35-02-21_54e368fb2e9b109578f5ee3d0fcec732.jpg,15,572.1,610.4,-62,-61.99,77
Screenshot_2026-05-21-21-35-02-21_54e368fb2e9b109578f5ee3d0fcec732.jpg,16,609.7,614.5,-63,-62.92,77
Screenshot_2026-05-21-21-35-02-21_54e368fb2e9b109578f5ee3d0fcec732.jpg,17,617.3,619.2,-64,-63.98,73
Screenshot_2026-05-21-21-35-02-21_54e368fb2e9b109578f5ee3d0fcec732.jpg,18,656.2,641.5,-69,-68.99,78
Screenshot_2026-05-21-21-35-02-21_54e368fb2e9b109578f5ee3d0fcec732.jpg,19,701.4,632.5,-67,-66.97,78
Screenshot_2026-05-21-21-35-02-21_54e368fb2e9b109578f5ee3d0fcec732.jpg,20,740.2,659.5,-73,-73.04,78
Screenshot_2026-05-21-21-35-02-21_54e368fb2e9b109578f5ee3d0fcec732.jpg,21,746.4,672.8,-76,-76.03,79
Screenshot_2026-05-21-21-35-02-21_54e368fb2e9b109578f5ee3d0fcec732.jpg,22,784.4,650.6,-71,-71.03,75
Screenshot_2026-05-21-21-35-02-21_54e368fb2e9b109578f5ee3d0fcec732.jpg,23,791.2,645.8,-70,-69.95,66
Screenshot_2026-05-21-21-35-02-21_54e368fb2e9b109578f5ee3d0fcec732.jpg,24,829.1,654.9,-72,-72.0,71
Screenshot_2026-05-21-21-35-02-21_54e368fb2e9b109578f5ee3d0fcec732.jpg,25,881.6,637.0,-68,-67.98,76
Screenshot_2026-05-21-21-35-02-21_54e368fb2e9b109578f5ee3d0fcec732.jpg,26,919.4,646.0,-70,-70.0,76
Screenshot_2026-05-21-21-35-02-21_54e368fb2e9b109578f5ee3d0fcec732.jpg,27,964.0,623.6,-65,-64.97,76
Screenshot_2026-05-21-21-35-02-21_54e368fb2e9b109578f5ee3d0fcec732.jpg,28,1009.0,677.4,-77,-77.05,76
Screenshot_2026-05-21-21-36-51-73_54e368fb2e9b109578f5ee3d0fcec732.jpg,1,134.7,641.5,-69,-68.99,38
Screenshot_2026-05-21-21-36-51-73_54e368fb2e9b109578f5ee3d0fcec732.jpg,2,151.2,659.5,-73,-73.03,78
Screenshot_2026-05-21-21-36-51-73_54e368fb2e9b109578f5ee3d0fcec732.jpg,3,157.6,623.5,-65,-64.94,78
Screenshot_2026-05-21-21-36-51-73_54e368fb2e9b109578f5ee3d0fcec732.jpg,4,170.4,637.0,-68,-67.98,77
Screenshot_2026-05-21-21-36-51-73_54e368fb2e9b109578f5ee3d0fcec732.jpg,5,177.2,628.1,-66,-65.98,74
Screenshot_2026-05-21-21-36-51-73_54e368fb2e9b109578f5ee3d0fcec732.jpg,6,183.5,677.4,-77,-77.06,78
Screenshot_2026-05-21-21-36-51-73_54e368fb2e9b109578f5ee3d0fcec732.jpg,7,189.9,623.6,-65,-64.97,77
Screenshot_2026-05-21-21-36-51-73_54e368fb2e9b109578f5ee3d0fcec732.jpg,8,202.7,677.4,-77,-77.05,79
Screenshot_2026-05-21-21-36-51-73_54e368fb2e9b109578f5ee3d0fcec732.jpg,9,208.6,623.5,-65,-64.95,79
Screenshot_2026-05-21-21-36-51-73_54e368fb2e9b109578f5ee3d0fcec732.jpg,10,215.2,686.5,-79,-79.09,79
Screenshot_2026-05-21-21-36-51-73_54e368fb2e9b109578f5ee3d0fcec732.jpg,11,221.4,636.9,-68,-67.95,72
Screenshot_2026-05-21-21-36-51-73_54e368fb2e9b109578f5ee3d0fcec732.jpg,12,228.5,641.6,-69,-69.02,76
Screenshot_2026-05-21-21-36-51-73_54e368fb2e9b109578f5ee3d0fcec732.jpg,13,234.7,699.8,-82,-82.06,78
Screenshot_2026-05-21-21-36-51-73_54e368fb2e9b109578f5ee3d0fcec732.jpg,14,240.9,623.6,-65,-64.97,78
Screenshot_2026-05-21-21-36-51-73_54e368fb2e9b109578f5ee3d0fcec732.jpg,15,246.7,632.4,-67,-66.95,76
Screenshot_2026-05-21-21-36-51-73_54e368fb2e9b109578f5ee3d0fcec732.jpg,16,253.6,637.1,-68,-67.99,72
Screenshot_2026-05-21-21-36-51-73_54e368fb2e9b109578f5ee3d0fcec732.jpg,17,266.1,659.4,-73,-73.02,77
Screenshot_2026-05-21-21-36-51-73_54e368fb2e9b109578f5ee3d0fcec732.jpg,18,272.0,708.6,-84,-84.03,76
Screenshot_2026-05-21-21-36-51-73_54e368fb2e9b109578f5ee3d0fcec732.jpg,19,278.5,659.4,-73,-73.01,78
Screenshot_2026-05-21-21-36-51-73_54e368fb2e9b109578f5ee3d0fcec732.jpg,20,284.5,695.2,-81,-81.04,78
Screenshot_2026-05-21-21-36-51-73_54e368fb2e9b109578f5ee3d0fcec732.jpg,21,290.8,646.0,-70,-70.0,72
Screenshot_2026-05-21-21-36-51-73_54e368fb2e9b109578f5ee3d0fcec732.jpg,22,297.5,704.2,-83,-83.04,78
Screenshot_2026-05-21-21-36-51-73_54e368fb2e9b109578f5ee3d0fcec732.jpg,23,303.5,650.5,-71,-71.0,79
Screenshot_2026-05-21-21-36-51-73_54e368fb2e9b109578f5ee3d0fcec732.jpg,24,310.2,735.6,-90,-90.01,79
Screenshot_2026-05-21-21-36-51-73_54e368fb2e9b109578f5ee3d0fcec732.jpg,25,316.4,677.4,-77,-77.05,79
Screenshot_2026-05-21-21-36-51-73_54e368fb2e9b109578f5ee3d0fcec732.jpg,26,323.4,654.9,-72,-72.01,77
Screenshot_2026-05-21-21-36-51-73_54e368fb2e9b109578f5ee3d0fcec732.jpg,27,343.6,650.5,-71,-71.01,78
Screenshot_2026-05-21-21-36-51-73_54e368fb2e9b109578f5ee3d0fcec732.jpg,28,349.5,699.6,-82,-82.02,76
Screenshot_2026-05-21-21-36-51-73_54e368fb2e9b109578f5ee3d0fcec732.jpg,29,362.6,646.0,-70,-70.0,76
Screenshot_2026-05-21-21-36-51-73_54e368fb2e9b109578f5ee3d0fcec732.jpg,30,368.8,744.5,-92,-92.0,78
Screenshot_2026-05-21-21-36-51-73_54e368fb2e9b109578f5ee3d0fcec732.jpg,31,375.2,646.0,-70,-70.0,74
Screenshot_2026-05-21-21-36-51-73_54e368fb2e9b109578f5ee3d0fcec732.jpg,32,387.7,708.6,-84,-84.03,80
Screenshot_2026-05-21-21-36-51-73_54e368fb2e9b109578f5ee3d0fcec732.jpg,33,406.6,650.5,-71,-71.01,78
Screenshot_2026-05-21-21-36-51-73_54e368fb2e9b109578f5ee3d0fcec732.jpg,34,413.2,704.3,-83,-83.07,76
Screenshot_2026-05-21-21-36-51-73_54e368fb2e9b109578f5ee3d0fcec732.jpg,35,419.4,672.9,-76,-76.04,78
Screenshot_2026-05-21-21-36-51-73_54e368fb2e9b109578f5ee3d0fcec732.jpg,36,425.6,641.5,-69,-68.99,78
Screenshot_2026-05-21-21-36-51-73_54e368fb2e9b109578f5ee3d0fcec732.jpg,37,432.1,655.1,-72,-72.05,73
Screenshot_2026-05-21-21-36-51-73_54e368fb2e9b109578f5ee3d0fcec732.jpg,38,439.1,650.4,-71,-70.99,76
Screenshot_2026-05-21-21-36-51-73_54e368fb2e9b109578f5ee3d0fcec732.jpg,39,451.2,650.4,-71,-71.0,79
Screenshot_2026-05-21-21-36-51-73_54e368fb2e9b109578f5ee3d0fcec732.jpg,40,457.8,641.5,-69,-69.0,77
Screenshot_2026-05-21-21-36-51-73_54e368fb2e9b109578f5ee3d0fcec732.jpg,41,464.5,628.1,-66,-65.98,80
Screenshot_2026-05-21-21-36-51-73_54e368fb2e9b109578f5ee3d0fcec732.jpg,42,470.6,646.0,-70,-70.0,76
Screenshot_2026-05-21-21-36-51-73_54e368fb2e9b109578f5ee3d0fcec732.jpg,43,477.1,637.1,-68,-68.01,71
Screenshot_2026-05-21-21-36-51-73_54e368fb2e9b109578f5ee3d0fcec732.jpg,44,484.3,632.5,-67,-66.97,76
Screenshot_2026-05-21-21-36-51-73_54e368fb2e9b109578f5ee3d0fcec732.jpg,45,490.9,627.8,-66,-65.9,61
Screenshot_2026-05-21-21-36-51-73_54e368fb2e9b109578f5ee3d0fcec732.jpg,46,497.0,632.7,-67,-67.02,75
Screenshot_2026-05-21-21-36-51-73_54e368fb2e9b109578f5ee3d0fcec732.jpg,47,534.5,628.1,-66,-65.98,80
Screenshot_2026-05-21-21-36-51-73_54e368fb2e9b109578f5ee3d0fcec732.jpg,48,575.6,637.0,-68,-67.98,130
Screenshot_2026-05-21-21-36-51-73_54e368fb2e9b109578f5ee3d0fcec732.jpg,49,616.4,614.6,-63,-62.93,76
Screenshot_2026-05-21-21-36-51-73_54e368fb2e9b109578f5ee3d0fcec732.jpg,50,623.0,619.2,-64,-63.98,70
Screenshot_2026-05-21-21-36-51-73_54e368fb2e9b109578f5ee3d0fcec732.jpg,51,661.0,659.6,-73,-73.05,73
Screenshot_2026-05-21-21-36-51-73_54e368fb2e9b109578f5ee3d0fcec732.jpg,52,668.7,654.9,-72,-72.0,76
Screenshot_2026-05-21-21-36-51-73_54e368fb2e9b109578f5ee3d0fcec732.jpg,53,706.4,618.9,-64,-63.91,68
Screenshot_2026-05-21-21-36-51-73_54e368fb2e9b109578f5ee3d0fcec732.jpg,54,712.7,623.8,-65,-65.0,74
Screenshot_2026-05-21-21-36-51-73_54e368fb2e9b109578f5ee3d0fcec732.jpg,55,750.4,681.8,-78,-78.04,78
Screenshot_2026-05-21-21-36-51-73_54e368fb2e9b109578f5ee3d0fcec732.jpg,56,794.4,623.5,-65,-64.94,80
Screenshot_2026-05-21-21-36-51-73_54e368fb2e9b109578f5ee3d0fcec732.jpg,57,800.3,632.5,-67,-66.97,80
Screenshot_2026-05-21-21-36-51-73_54e368fb2e9b109578f5ee3d0fcec732.jpg,58,837.3,628.2,-66,-65.99,59
Screenshot_2026-05-21-21-36-51-73_54e368fb2e9b109578f5ee3d0fcec732.jpg,59,844.6,628.1,-66,-65.99,75
Screenshot_2026-05-21-21-36-51-73_54e368fb2e9b109578f5ee3d0fcec732.jpg,60,882.2,650.5,-71,-71.01,81
Screenshot_2026-05-21-21-36-51-73_54e368fb2e9b109578f5ee3d0fcec732.jpg,61,889.4,619.1,-64,-63.95,78
Screenshot_2026-05-21-21-36-51-73_54e368fb2e9b109578f5ee3d0fcec732.jpg,62,928.0,686.5,-79,-79.1,78
Screenshot_2026-05-21-21-36-51-73_54e368fb2e9b109578f5ee3d0fcec732.jpg,63,972.1,619.2,-64,-63.97,75
Screenshot_2026-05-21-21-36-51-73_54e368fb2e9b109578f5ee3d0fcec732.jpg,64,1016.6,641.5,-69,-68.99,78
Screenshot_2026-05-21-21-43-24-83_54e368fb2e9b109578f5ee3d0fcec732.jpg,1,134.7,605.5,-61,-60.89,38
Screenshot_2026-05-21-21-43-24-83_54e368fb2e9b109578f5ee3d0fcec732.jpg,2,202.4,592.3,-58,-57.95,79
Screenshot_2026-05-21-21-43-24-83_54e368fb2e9b109578f5ee3d0fcec732.jpg,3,278.8,587.6,-57,-56.92,77
Screenshot_2026-05-21-21-43-24-83_54e368fb2e9b109578f5ee3d0fcec732.jpg,4,349.1,578.7,-55,-54.94,75
Screenshot_2026-05-21-21-43-24-83_54e368fb2e9b109578f5ee3d0fcec732.jpg,5,418.0,592.4,-58,-57.97,76
Screenshot_2026-05-21-21-43-24-83_54e368fb2e9b109578f5ee3d0fcec732.jpg,6,494.1,583.4,-56,-55.97,78
Screenshot_2026-05-21-21-43-24-83_54e368fb2e9b109578f5ee3d0fcec732.jpg,7,710.3,596.7,-59,-58.94,79
Screenshot_2026-05-21-21-43-24-83_54e368fb2e9b109578f5ee3d0fcec732.jpg,8,780.2,628.1,-66,-65.98,74
Screenshot_2026-05-21-21-43-24-83_54e368fb2e9b109578f5ee3d0fcec732.jpg,9,786.3,596.7,-59,-58.94,79
Screenshot_2026-05-21-21-43-24-83_54e368fb2e9b109578f5ee3d0fcec732.jpg,10,851.3,601.2,-60,-59.94,79
Screenshot_2026-05-21-21-43-24-83_54e368fb2e9b109578f5ee3d0fcec732.jpg,11,926.5,605.5,-61,-60.91,79
Screenshot_2026-05-21-21-43-24-83_54e368fb2e9b109578f5ee3d0fcec732.jpg,12,995.3,587.7,-57,-56.94,79
Screenshot_2026-05-21-21-44-36-61_54e368fb2e9b109578f5ee3d0fcec732.jpg,1,134.7,681.8,-78,-78.05,37
Screenshot_2026-05-21-21-44-36-61_54e368fb2e9b109578f5ee3d0fcec732.jpg,2,146.6,672.8,-76,-76.03,79
Screenshot_2026-05-21-21-44-36-61_54e368fb2e9b109578f5ee3d0fcec732.jpg,3,159.2,677.4,-77,-77.06,76
Screenshot_2026-05-21-21-44-36-61_54e368fb2e9b109578f5ee3d0fcec732.jpg,4,165.4,663.8,-74,-74.01,79
Screenshot_2026-05-21-21-44-36-61_54e368fb2e9b109578f5ee3d0fcec732.jpg,5,171.6,753.5,-94,-94.0,78
Screenshot_2026-05-21-21-44-36-61_54e368fb2e9b109578f5ee3d0fcec732.jpg,6,184.6,663.8,-74,-74.01,79
Screenshot_2026-05-21-21-44-36-61_54e368fb2e9b109578f5ee3d0fcec732.jpg,7,191.2,704.4,-83,-83.08,77
Screenshot_2026-05-21-21-44-36-61_54e368fb2e9b109578f5ee3d0fcec732.jpg,8,197.4,659.5,-73,-73.03,79
Screenshot_2026-05-21-21-44-36-61_54e368fb2e9b109578f5ee3d0fcec732.jpg,9,203.5,650.5,-71,-71.0,79
Screenshot_2026-05-21-21-44-36-61_54e368fb2e9b109578f5ee3d0fcec732.jpg,10,210.0,686.5,-79,-79.1,78
Screenshot_2026-05-21-21-44-36-61_54e368fb2e9b109578f5ee3d0fcec732.jpg,11,216.0,636.8,-68,-67.94,69
Screenshot_2026-05-21-21-44-36-61_54e368fb2e9b109578f5ee3d0fcec732.jpg,12,222.5,641.6,-69,-69.01,76
Screenshot_2026-05-21-21-44-36-61_54e368fb2e9b109578f5ee3d0fcec732.jpg,13,228.1,686.5,-79,-79.1,80
Screenshot_2026-05-21-21-44-36-61_54e368fb2e9b109578f5ee3d0fcec732.jpg,14,234.6,637.0,-68,-67.98,76
Screenshot_2026-05-21-21-44-36-61_54e368fb2e9b109578f5ee3d0fcec732.jpg,15,241.3,690.8,-80,-80.07,78
Screenshot_2026-05-21-21-44-36-61_54e368fb2e9b109578f5ee3d0fcec732.jpg,16,247.2,637.0,-68,-67.98,59
Screenshot_2026-05-21-21-44-36-61_54e368fb2e9b109578f5ee3d0fcec732.jpg,17,254.6,636.9,-68,-67.96,74
Screenshot_2026-05-21-21-44-36-61_54e368fb2e9b109578f5ee3d0fcec732.jpg,18,260.6,668.4,-75,-75.03,79
Screenshot_2026-05-21-21-44-36-61_54e368fb2e9b109578f5ee3d0fcec732.jpg,19,266.5,623.4,-65,-64.93,76
Screenshot_2026-05-21-21-44-36-61_54e368fb2e9b109578f5ee3d0fcec732.jpg,20,273.6,628.3,-66,-66.02,73
Screenshot_2026-05-21-21-44-36-61_54e368fb2e9b109578f5ee3d0fcec732.jpg,21,287.4,628.1,-66,-65.98,78
Screenshot_2026-05-21-21-44-36-61_54e368fb2e9b109578f5ee3d0fcec732.jpg,22,299.7,637.0,-68,-67.98,74
Screenshot_2026-05-21-21-44-36-61_54e368fb2e9b109578f5ee3d0fcec732.jpg,23,306.4,646.0,-70,-70.01,75
Screenshot_2026-05-21-21-44-36-61_54e368fb2e9b109578f5ee3d0fcec732.jpg,24,312.6,632.5,-67,-66.97,78
Screenshot_2026-05-21-21-44-36-61_54e368fb2e9b109578f5ee3d0fcec732.jpg,25,318.8,645.9,-70,-69.99,73
Screenshot_2026-05-21-21-44-36-61_54e368fb2e9b109578f5ee3d0fcec732.jpg,26,331.6,646.0,-70,-70.0,75
Screenshot_2026-05-21-21-44-36-61_54e368fb2e9b109578f5ee3d0fcec732.jpg,27,350.2,645.9,-70,-69.98,59
Screenshot_2026-05-21-21-44-36-61_54e368fb2e9b109578f5ee3d0fcec732.jpg,28,357.2,646.2,-70,-70.06,65
Screenshot_2026-05-21-21-44-36-61_54e368fb2e9b109578f5ee3d0fcec732.jpg,29,363.7,641.5,-69,-68.98,76
Screenshot_2026-05-21-21-44-36-61_54e368fb2e9b109578f5ee3d0fcec732.jpg,30,369.8,650.4,-71,-71.0,79
Screenshot_2026-05-21-21-44-36-61_54e368fb2e9b109578f5ee3d0fcec732.jpg,31,376.2,641.5,-69,-68.98,79
Screenshot_2026-05-21-21-44-36-61_54e368fb2e9b109578f5ee3d0fcec732.jpg,32,382.7,623.6,-65,-64.96,78
Screenshot_2026-05-21-21-44-36-61_54e368fb2e9b109578f5ee3d0fcec732.jpg,33,388.4,655.0,-72,-72.02,70
Screenshot_2026-05-21-21-44-36-61_54e368fb2e9b109578f5ee3d0fcec732.jpg,34,395.1,650.4,-71,-70.98,75
Screenshot_2026-05-21-21-44-36-61_54e368fb2e9b109578f5ee3d0fcec732.jpg,35,419.9,641.5,-69,-68.99,76
Screenshot_2026-05-21-21-44-36-61_54e368fb2e9b109578f5ee3d0fcec732.jpg,36,425.9,654.7,-72,-71.96,67
Screenshot_2026-05-21-21-44-36-61_54e368fb2e9b109578f5ee3d0fcec732.jpg,37,432.7,659.6,-73,-73.07,75
Screenshot_2026-05-21-21-44-36-61_54e368fb2e9b109578f5ee3d0fcec732.jpg,38,438.6,650.5,-71,-71.0,79
Screenshot_2026-05-21-21-44-36-61_54e368fb2e9b109578f5ee3d0fcec732.jpg,39,515.6,646.0,-70,-70.0,76
Screenshot_2026-05-21-21-44-36-61_54e368fb2e9b109578f5ee3d0fcec732.jpg,40,585.3,686.4,-79,-79.08,82
Screenshot_2026-05-21-21-44-36-61_54e368fb2e9b109578f5ee3d0fcec732.jpg,41,660.4,740.1,-91,-91.01,77
Screenshot_2026-05-21-21-44-36-61_54e368fb2e9b109578f5ee3d0fcec732.jpg,42,730.5,695.2,-81,-81.04,80
Screenshot_2026-05-21-21-44-36-61_54e368fb2e9b109578f5ee3d0fcec732.jpg,43,877.0,641.5,-69,-68.99,78
Screenshot_2026-05-21-21-44-36-61_54e368fb2e9b109578f5ee3d0fcec732.jpg,44,1020.9,623.6,-65,-64.97,78
Screenshot_2026-05-21-21-46-26-00_54e368fb2e9b109578f5ee3d0fcec732.jpg,1,134.8,610.1,-62,-61.93,38
Screenshot_2026-05-21-21-46-26-00_54e368fb2e9b109578f5ee3d0fcec732.jpg,2,139.9,641.5,-69,-69.0,75
Screenshot_2026-05-21-21-46-26-00_54e368fb2e9b109578f5ee3d0fcec732.jpg,3,146.4,619.1,-64,-63.95,78
Screenshot_2026-05-21-21-46-26-00_54e368fb2e9b109578f5ee3d0fcec732.jpg,4,158.7,623.5,-65,-64.93,74
Screenshot_2026-05-21-21-46-26-00_54e368fb2e9b109578f5ee3d0fcec732.jpg,5,164.5,628.3,-66,-66.03,53
Screenshot_2026-05-21-21-46-26-00_54e368fb2e9b109578f5ee3d0fcec732.jpg,6,171.6,628.1,-66,-65.99,75
Screenshot_2026-05-21-21-46-26-00_54e368fb2e9b109578f5ee3d0fcec732.jpg,7,183.6,650.5,-71,-71.01,78
Screenshot_2026-05-21-21-46-26-00_54e368fb2e9b109578f5ee3d0fcec732.jpg,8,189.6,619.1,-64,-63.95,77
Screenshot_2026-05-21-21-46-26-00_54e368fb2e9b109578f5ee3d0fcec732.jpg,9,195.8,654.9,-72,-72.01,74
Screenshot_2026-05-21-21-46-26-00_54e368fb2e9b109578f5ee3d0fcec732.jpg,10,202.4,632.5,-67,-66.97,79
Screenshot_2026-05-21-21-46-26-00_54e368fb2e9b109578f5ee3d0fcec732.jpg,11,208.7,619.1,-64,-63.96,76
Screenshot_2026-05-21-21-46-26-00_54e368fb2e9b109578f5ee3d0fcec732.jpg,12,215.4,654.8,-72,-71.99,79
Screenshot_2026-05-21-21-46-26-00_54e368fb2e9b109578f5ee3d0fcec732.jpg,13,240.6,650.5,-71,-71.01,78
Screenshot_2026-05-21-21-46-26-00_54e368fb2e9b109578f5ee3d0fcec732.jpg,14,253.3,677.3,-77,-77.04,80
Screenshot_2026-05-21-21-46-26-00_54e368fb2e9b109578f5ee3d0fcec732.jpg,15,259.6,654.8,-72,-71.99,77
Screenshot_2026-05-21-21-46-26-00_54e368fb2e9b109578f5ee3d0fcec732.jpg,16,271.8,672.7,-76,-76.0,75
Screenshot_2026-05-21-21-46-26-00_54e368fb2e9b109578f5ee3d0fcec732.jpg,17,284.3,614.6,-63,-62.94,80
Screenshot_2026-05-21-21-46-26-00_54e368fb2e9b109578f5ee3d0fcec732.jpg,18,290.9,659.6,-73,-73.05,76
Screenshot_2026-05-21-21-46-26-00_54e368fb2e9b109578f5ee3d0fcec732.jpg,19,296.8,637.1,-68,-67.99,73
Screenshot_2026-05-21-21-46-26-00_54e368fb2e9b109578f5ee3d0fcec732.jpg,20,309.8,650.5,-71,-71.01,78
Screenshot_2026-05-21-21-46-26-00_54e368fb2e9b109578f5ee3d0fcec732.jpg,21,316.0,614.7,-63,-62.96,77
Screenshot_2026-05-21-21-46-26-00_54e368fb2e9b109578f5ee3d0fcec732.jpg,22,330.5,632.6,-67,-66.99,78
Screenshot_2026-05-21-21-46-26-00_54e368fb2e9b109578f5ee3d0fcec732.jpg,23,337.0,610.4,-62,-62.0,76
Screenshot_2026-05-21-21-46-26-00_54e368fb2e9b109578f5ee3d0fcec732.jpg,24,349.2,632.6,-67,-66.98,79
Screenshot_2026-05-21-21-46-26-00_54e368fb2e9b109578f5ee3d0fcec732.jpg,25,355.5,623.5,-65,-64.94,77
Screenshot_2026-05-21-21-46-26-00_54e368fb2e9b109578f5ee3d0fcec732.jpg,26,362.0,641.6,-69,-69.0,77
Screenshot_2026-05-21-21-46-26-00_54e368fb2e9b109578f5ee3d0fcec732.jpg,27,368.1,632.4,-67,-66.95,71
Screenshot_2026-05-21-21-46-26-00_54e368fb2e9b109578f5ee3d0fcec732.jpg,28,375.2,632.7,-67,-67.01,61
Screenshot_2026-05-21-21-46-26-00_54e368fb2e9b109578f5ee3d0fcec732.jpg,29,382.1,632.5,-67,-66.97,66
Screenshot_2026-05-21-21-46-26-00_54e368fb2e9b109578f5ee3d0fcec732.jpg,30,387.6,646.0,-70,-70.0,76
Screenshot_2026-05-21-21-46-26-00_54e368fb2e9b109578f5ee3d0fcec732.jpg,31,406.4,610.2,-62,-61.94,79
Screenshot_2026-05-21-21-46-26-00_54e368fb2e9b109578f5ee3d0fcec732.jpg,32,412.7,650.4,-71,-71.0,81
Screenshot_2026-05-21-21-46-26-00_54e368fb2e9b109578f5ee3d0fcec732.jpg,33,425.3,605.6,-61,-60.91,80
Screenshot_2026-05-21-21-46-26-00_54e368fb2e9b109578f5ee3d0fcec732.jpg,34,431.6,636.9,-68,-67.96,77
Screenshot_2026-05-21-21-46-26-00_54e368fb2e9b109578f5ee3d0fcec732.jpg,35,438.0,650.5,-71,-71.02,82
Screenshot_2026-05-21-21-46-26-00_54e368fb2e9b109578f5ee3d0fcec732.jpg,36,450.9,605.5,-61,-60.89,79
Screenshot_2026-05-21-21-46-26-00_54e368fb2e9b109578f5ee3d0fcec732.jpg,37,463.2,641.5,-69,-69.0,77
Screenshot_2026-05-21-21-46-26-00_54e368fb2e9b109578f5ee3d0fcec732.jpg,38,475.5,632.6,-67,-66.99,78
Screenshot_2026-05-21-21-46-26-00_54e368fb2e9b109578f5ee3d0fcec732.jpg,39,488.4,650.5,-71,-71.01,76
Screenshot_2026-05-21-21-46-26-00_54e368fb2e9b109578f5ee3d0fcec732.jpg,40,495.0,645.8,-70,-69.96,69
Screenshot_2026-05-21-21-46-26-00_54e368fb2e9b109578f5ee3d0fcec732.jpg,41,564.3,668.4,-75,-75.03,80
Screenshot_2026-05-21-21-46-26-00_54e368fb2e9b109578f5ee3d0fcec732.jpg,42,633.6,632.5,-67,-66.96,76
Screenshot_2026-05-21-21-46-26-00_54e368fb2e9b109578f5ee3d0fcec732.jpg,43,640.6,637.1,-68,-68.01,71
Screenshot_2026-05-21-21-46-26-00_54e368fb2e9b109578f5ee3d0fcec732.jpg,44,705.3,690.8,-80,-80.06,79
Screenshot_2026-05-21-21-46-26-00_54e368fb2e9b109578f5ee3d0fcec732.jpg,45,780.5,623.6,-65,-64.96,78
Screenshot_2026-05-21-21-46-26-00_54e368fb2e9b109578f5ee3d0fcec732.jpg,46,853.4,654.9,-72,-72.01,132
Screenshot_2026-05-21-21-46-26-00_54e368fb2e9b109578f5ee3d0fcec732.jpg,47,927.6,605.5,-61,-60.9,80
Screenshot_2026-05-21-21-46-26-00_54e368fb2e9b109578f5ee3d0fcec732.jpg,48,996.4,663.9,-74,-74.02,78
Screenshot_2026-05-21-21-46-26-00_54e368fb2e9b109578f5ee3d0fcec732.jpg,49,1002.6,628.2,-66,-65.99,79
Screenshot_2026-05-21-21-48-28-23_54e368fb2e9b109578f5ee3d0fcec732.jpg,1,134.7,699.6,-82,-82.02,35
Screenshot_2026-05-21-21-48-28-23_54e368fb2e9b109578f5ee3d0fcec732.jpg,2,137.9,654.9,-72,-72.01,65
Screenshot_2026-05-21-21-48-28-23_54e368fb2e9b109578f5ee3d0fcec732.jpg,3,145.6,654.9,-72,-72.01,74
Screenshot_2026-05-21-21-48-28-23_54e368fb2e9b109578f5ee3d0fcec732.jpg,4,151.9,699.6,-82,-82.03,77
Screenshot_2026-05-21-21-48-28-23_54e368fb2e9b109578f5ee3d0fcec732.jpg,5,158.2,619.2,-64,-63.98,75
Screenshot_2026-05-21-21-48-28-23_54e368fb2e9b109578f5ee3d0fcec732.jpg,6,164.2,681.7,-78,-78.02,76
Screenshot_2026-05-21-21-48-28-23_54e368fb2e9b109578f5ee3d0fcec732.jpg,7,181.9,672.8,-76,-76.03,67
Screenshot_2026-05-21-21-48-28-23_54e368fb2e9b109578f5ee3d0fcec732.jpg,8,189.3,672.8,-76,-76.02,71
Screenshot_2026-05-21-21-48-28-23_54e368fb2e9b109578f5ee3d0fcec732.jpg,9,195.4,646.0,-70,-70.0,76
Screenshot_2026-05-21-21-48-28-23_54e368fb2e9b109578f5ee3d0fcec732.jpg,10,207.6,663.9,-74,-74.02,78
Screenshot_2026-05-21-21-48-28-23_54e368fb2e9b109578f5ee3d0fcec732.jpg,11,213.7,623.6,-65,-64.96,78
Screenshot_2026-05-21-21-48-28-23_54e368fb2e9b109578f5ee3d0fcec732.jpg,12,220.3,610.2,-62,-61.95,77
Screenshot_2026-05-21-21-48-28-23_54e368fb2e9b109578f5ee3d0fcec732.jpg,13,226.5,619.1,-64,-63.94,76
Screenshot_2026-05-21-21-48-28-23_54e368fb2e9b109578f5ee3d0fcec732.jpg,14,239.5,677.4,-77,-77.06,78
Screenshot_2026-05-21-21-48-28-23_54e368fb2e9b109578f5ee3d0fcec732.jpg,15,257.5,641.6,-69,-69.01,75
Screenshot_2026-05-21-21-48-28-23_54e368fb2e9b109578f5ee3d0fcec732.jpg,16,264.0,636.8,-68,-67.94,69
Screenshot_2026-05-21-21-48-28-23_54e368fb2e9b109578f5ee3d0fcec732.jpg,17,272.5,659.4,-73,-73.01,78
Screenshot_2026-05-21-21-48-28-23_54e368fb2e9b109578f5ee3d0fcec732.jpg,18,278.5,623.6,-65,-64.96,78
Screenshot_2026-05-21-21-48-28-23_54e368fb2e9b109578f5ee3d0fcec732.jpg,19,291.3,619.2,-64,-63.97,77
Screenshot_2026-05-21-21-48-28-23_54e368fb2e9b109578f5ee3d0fcec732.jpg,20,309.3,619.1,-64,-63.95,58
Screenshot_2026-05-21-21-48-28-23_54e368fb2e9b109578f5ee3d0fcec732.jpg,21,316.7,619.0,-64,-63.93,75
Screenshot_2026-05-21-21-48-28-23_54e368fb2e9b109578f5ee3d0fcec732.jpg,22,322.4,731.0,-89,-89.01,77
Screenshot_2026-05-21-21-48-28-23_54e368fb2e9b109578f5ee3d0fcec732.jpg,23,328.8,628.2,-66,-65.99,73
Screenshot_2026-05-21-21-48-28-23_54e368fb2e9b109578f5ee3d0fcec732.jpg,24,335.1,619.2,-64,-63.98,73
Screenshot_2026-05-21-21-48-28-23_54e368fb2e9b109578f5ee3d0fcec732.jpg,25,347.5,668.4,-75,-75.04,78
Screenshot_2026-05-21-21-48-28-23_54e368fb2e9b109578f5ee3d0fcec732.jpg,26,359.8,619.2,-64,-63.97,76
Screenshot_2026-05-21-21-48-28-23_54e368fb2e9b109578f5ee3d0fcec732.jpg,27,366.3,646.0,-70,-70.0,75
Screenshot_2026-05-21-21-48-28-23_54e368fb2e9b109578f5ee3d0fcec732.jpg,28,372.4,672.9,-76,-76.05,80
Screenshot_2026-05-21-21-48-28-23_54e368fb2e9b109578f5ee3d0fcec732.jpg,29,384.6,650.5,-71,-71.0,79
Screenshot_2026-05-21-21-48-28-23_54e368fb2e9b109578f5ee3d0fcec732.jpg,30,390.3,623.8,-65,-65.0,68
Screenshot_2026-05-21-21-48-28-23_54e368fb2e9b109578f5ee3d0fcec732.jpg,31,397.9,623.4,-65,-64.93,71
Screenshot_2026-05-21-21-48-28-23_54e368fb2e9b109578f5ee3d0fcec732.jpg,32,428.6,659.5,-73,-73.03,79
Screenshot_2026-05-21-21-48-28-23_54e368fb2e9b109578f5ee3d0fcec732.jpg,33,435.2,637.1,-68,-67.99,73
Screenshot_2026-05-21-21-48-28-23_54e368fb2e9b109578f5ee3d0fcec732.jpg,34,441.0,668.2,-75,-74.99,69
Screenshot_2026-05-21-21-48-28-23_54e368fb2e9b109578f5ee3d0fcec732.jpg,35,447.5,672.9,-76,-76.03,76
Screenshot_2026-05-21-21-48-28-23_54e368fb2e9b109578f5ee3d0fcec732.jpg,36,499.8,645.9,-70,-69.99,72
Screenshot_2026-05-21-21-48-28-23_54e368fb2e9b109578f5ee3d0fcec732.jpg,37,543.5,690.8,-80,-80.07,78
Screenshot_2026-05-21-21-48-28-23_54e368fb2e9b109578f5ee3d0fcec732.jpg,38,587.5,614.6,-63,-62.94,78
Screenshot_2026-05-21-21-48-28-23_54e368fb2e9b109578f5ee3d0fcec732.jpg,39,715.1,663.8,-74,-74.01,74
Screenshot_2026-05-21-21-48-28-23_54e368fb2e9b109578f5ee3d0fcec732.jpg,40,758.8,637.1,-68,-68.0,72
Screenshot_2026-05-21-21-48-28-23_54e368fb2e9b109578f5ee3d0fcec732.jpg,41,765.1,645.9,-70,-69.99,72
Screenshot_2026-05-21-21-48-28-23_54e368fb2e9b109578f5ee3d0fcec732.jpg,42,802.3,641.5,-69,-68.98,76
Screenshot_2026-05-21-21-48-28-23_54e368fb2e9b109578f5ee3d0fcec732.jpg,43,809.0,646.2,-70,-70.05,68
Screenshot_2026-05-21-21-48-28-23_54e368fb2e9b109578f5ee3d0fcec732.jpg,44,846.3,731.1,-89,-89.01,75
Screenshot_2026-05-21-21-48-28-23_54e368fb2e9b109578f5ee3d0fcec732.jpg,45,852.5,668.4,-75,-75.04,78
Screenshot_2026-05-21-21-48-28-23_54e368fb2e9b109578f5ee3d0fcec732.jpg,46,890.3,637.1,-68,-67.99,75
Screenshot_2026-05-21-21-48-28-23_54e368fb2e9b109578f5ee3d0fcec732.jpg,47,897.9,619.2,-64,-63.98,73
Screenshot_2026-05-21-21-48-28-23_54e368fb2e9b109578f5ee3d0fcec732.jpg,48,935.9,690.5,-80,-80.01,74
Screenshot_2026-05-21-21-48-28-23_54e368fb2e9b109578f5ee3d0fcec732.jpg,49,942.6,695.5,-81,-81.1,72
Screenshot_2026-05-21-21-48-28-23_54e368fb2e9b109578f5ee3d0fcec732.jpg,50,979.6,672.8,-76,-76.03,77
Screenshot_2026-05-21-21-48-28-23_54e368fb2e9b109578f5ee3d0fcec732.jpg,51,1024.6,655.1,-72,-72.03,75
Screenshot_2026-05-21-21-48-28-23_54e368fb2e9b109578f5ee3d0fcec732.jpg,52,1030.8,650.2,-71,-70.93,66
Screenshot_2026-05-21-21-49-42-78_54e368fb2e9b109578f5ee3d0fcec732.jpg,1,134.8,731.1,-89,-89.02,38
Screenshot_2026-05-21-21-49-42-78_54e368fb2e9b109578f5ee3d0fcec732.jpg,2,138.7,659.4,-73,-73.0,70
Screenshot_2026-05-21-21-49-42-78_54e368fb2e9b109578f5ee3d0fcec732.jpg,3,146.2,659.5,-73,-73.03,68
Screenshot_2026-05-21-21-49-42-78_54e368fb2e9b109578f5ee3d0fcec732.jpg,4,151.8,641.5,-69,-68.99,78
Screenshot_2026-05-21-21-49-42-78_54e368fb2e9b109578f5ee3d0fcec732.jpg,5,158.1,708.6,-84,-84.03,78
Screenshot_2026-05-21-21-49-42-78_54e368fb2e9b109578f5ee3d0fcec732.jpg,6,164.5,650.5,-71,-71.0,79
Screenshot_2026-05-21-21-49-42-78_54e368fb2e9b109578f5ee3d0fcec732.jpg,7,170.5,659.5,-73,-73.02,79
Screenshot_2026-05-21-21-49-42-78_54e368fb2e9b109578f5ee3d0fcec732.jpg,8,177.0,650.5,-71,-71.01,78
Screenshot_2026-05-21-21-49-42-78_54e368fb2e9b109578f5ee3d0fcec732.jpg,9,189.4,722.2,-87,-87.03,79
Screenshot_2026-05-21-21-49-42-78_54e368fb2e9b109578f5ee3d0fcec732.jpg,10,202.5,659.5,-73,-73.02,79
Screenshot_2026-05-21-21-49-42-78_54e368fb2e9b109578f5ee3d0fcec732.jpg,11,214.8,650.4,-71,-71.0,79
Screenshot_2026-05-21-21-49-42-78_54e368fb2e9b109578f5ee3d0fcec732.jpg,12,233.9,650.5,-71,-71.01,80
Screenshot_2026-05-21-21-49-42-78_54e368fb2e9b109578f5ee3d0fcec732.jpg,13,240.0,695.3,-81,-81.06,78
Screenshot_2026-05-21-21-49-42-78_54e368fb2e9b109578f5ee3d0fcec732.jpg,14,246.4,663.9,-74,-74.02,78
Screenshot_2026-05-21-21-49-42-78_54e368fb2e9b109578f5ee3d0fcec732.jpg,15,252.5,717.6,-86,-86.02,78
Screenshot_2026-05-21-21-49-42-78_54e368fb2e9b109578f5ee3d0fcec732.jpg,16,259.3,677.4,-77,-77.05,77
Screenshot_2026-05-21-21-49-42-78_54e368fb2e9b109578f5ee3d0fcec732.jpg,17,272.4,749.0,-93,-93.0,76
Screenshot_2026-05-21-21-49-42-78_54e368fb2e9b109578f5ee3d0fcec732.jpg,18,278.3,681.8,-78,-78.04,76
Screenshot_2026-05-21-21-49-42-78_54e368fb2e9b109578f5ee3d0fcec732.jpg,19,284.4,663.8,-74,-74.01,79
Screenshot_2026-05-21-21-49-42-78_54e368fb2e9b109578f5ee3d0fcec732.jpg,20,291.6,722.1,-87,-87.03,78
Screenshot_2026-05-21-21-49-42-78_54e368fb2e9b109578f5ee3d0fcec732.jpg,21,298.4,646.0,-70,-70.0,76
Screenshot_2026-05-21-21-49-42-78_54e368fb2e9b109578f5ee3d0fcec732.jpg,22,311.0,668.4,-75,-75.04,77
Screenshot_2026-05-21-21-49-42-78_54e368fb2e9b109578f5ee3d0fcec732.jpg,23,317.4,646.0,-70,-70.0,76
Screenshot_2026-05-21-21-49-42-78_54e368fb2e9b109578f5ee3d0fcec732.jpg,24,324.0,668.4,-75,-75.03,76
Screenshot_2026-05-21-21-49-42-78_54e368fb2e9b109578f5ee3d0fcec732.jpg,25,329.8,650.5,-71,-71.01,78
Screenshot_2026-05-21-21-49-42-78_54e368fb2e9b109578f5ee3d0fcec732.jpg,26,336.5,690.8,-80,-80.07,78
Screenshot_2026-05-21-21-49-42-78_54e368fb2e9b109578f5ee3d0fcec732.jpg,27,348.7,663.9,-74,-74.02,76
Screenshot_2026-05-21-21-49-42-78_54e368fb2e9b109578f5ee3d0fcec732.jpg,28,355.4,646.0,-70,-70.0,76
Screenshot_2026-05-21-21-49-42-78_54e368fb2e9b109578f5ee3d0fcec732.jpg,29,361.4,632.5,-67,-66.97,78
Screenshot_2026-05-21-21-49-42-78_54e368fb2e9b109578f5ee3d0fcec732.jpg,30,367.9,708.6,-84,-84.03,78
Screenshot_2026-05-21-21-49-42-78_54e368fb2e9b109578f5ee3d0fcec732.jpg,31,374.2,659.5,-73,-73.04,78
Screenshot_2026-05-21-21-49-42-78_54e368fb2e9b109578f5ee3d0fcec732.jpg,32,380.6,641.5,-69,-68.99,78
Screenshot_2026-05-21-21-49-42-78_54e368fb2e9b109578f5ee3d0fcec732.jpg,33,387.5,704.2,-83,-83.04,78
Screenshot_2026-05-21-21-49-42-78_54e368fb2e9b109578f5ee3d0fcec732.jpg,34,393.6,646.0,-70,-70.0,76
Screenshot_2026-05-21-21-49-42-78_54e368fb2e9b109578f5ee3d0fcec732.jpg,35,399.6,628.1,-66,-65.98,78
Screenshot_2026-05-21-21-49-42-78_54e368fb2e9b109578f5ee3d0fcec732.jpg,36,406.4,699.7,-82,-82.05,79
Screenshot_2026-05-21-21-49-42-78_54e368fb2e9b109578f5ee3d0fcec732.jpg,37,412.8,641.5,-69,-68.99,78
Screenshot_2026-05-21-21-49-42-78_54e368fb2e9b109578f5ee3d0fcec732.jpg,38,419.2,699.6,-82,-82.03,77
Screenshot_2026-05-21-21-49-42-78_54e368fb2e9b109578f5ee3d0fcec732.jpg,39,425.2,632.6,-67,-66.98,79
Screenshot_2026-05-21-21-49-42-78_54e368fb2e9b109578f5ee3d0fcec732.jpg,40,431.4,646.1,-70,-70.01,77
Screenshot_2026-05-21-21-49-42-78_54e368fb2e9b109578f5ee3d0fcec732.jpg,41,439.1,677.4,-77,-77.05,78
Screenshot_2026-05-21-21-49-42-78_54e368fb2e9b109578f5ee3d0fcec732.jpg,42,445.4,654.9,-72,-72.01,77
Screenshot_2026-05-21-21-49-42-78_54e368fb2e9b109578f5ee3d0fcec732.jpg,43,451.3,668.4,-75,-75.03,77
Screenshot_2026-05-21-21-49-42-78_54e368fb2e9b109578f5ee3d0fcec732.jpg,44,476.3,668.5,-75,-75.05,75
Screenshot_2026-05-21-21-49-42-78_54e368fb2e9b109578f5ee3d0fcec732.jpg,45,483.0,663.7,-74,-73.98,69
Screenshot_2026-05-21-21-49-42-78_54e368fb2e9b109578f5ee3d0fcec732.jpg,46,489.4,637.0,-68,-67.98,76
Screenshot_2026-05-21-21-49-42-78_54e368fb2e9b109578f5ee3d0fcec732.jpg,47,495.7,672.9,-76,-76.04,77
Screenshot_2026-05-21-21-49-42-78_54e368fb2e9b109578f5ee3d0fcec732.jpg,48,635.9,663.8,-74,-74.0,73
Screenshot_2026-05-21-21-49-42-78_54e368fb2e9b109578f5ee3d0fcec732.jpg,49,712.0,650.5,-71,-71.01,78
Screenshot_2026-05-21-21-49-42-78_54e368fb2e9b109578f5ee3d0fcec732.jpg,50,853.3,677.2,-77,-77.02,80
Screenshot_2026-05-21-21-49-42-78_54e368fb2e9b109578f5ee3d0fcec732.jpg,51,1000.5,637.0,-68,-67.98,78
Screenshot_2026-05-21-21-56-10-58_54e368fb2e9b109578f5ee3d0fcec732.jpg,1,134.7,722.2,-87,-87.05,39
Screenshot_2026-05-21-21-56-10-58_54e368fb2e9b109578f5ee3d0fcec732.jpg,2,203.2,726.6,-88,-88.02,78
Screenshot_2026-05-21-21-56-10-58_54e368fb2e9b109578f5ee3d0fcec732.jpg,3,348.1,708.6,-84,-84.03,78
Screenshot_2026-05-21-21-56-10-58_54e368fb2e9b109578f5ee3d0fcec732.jpg,4,417.5,726.6,-88,-88.02,78
Screenshot_2026-05-21-21-56-10-58_54e368fb2e9b109578f5ee3d0fcec732.jpg,5,569.6,758.0,-95,-95.0,76
Screenshot_2026-05-21-21-56-10-58_54e368fb2e9b109578f5ee3d0fcec732.jpg,6,780.2,686.5,-79,-79.09,80
Screenshot_2026-05-21-21-56-10-58_54e368fb2e9b109578f5ee3d0fcec732.jpg,7,849.7,699.6,-82,-82.02,77
Screenshot_2026-05-21-21-56-10-58_54e368fb2e9b109578f5ee3d0fcec732.jpg,8,856.1,708.6,-84,-84.03,77
Screenshot_2026-05-21-21-56-10-58_54e368fb2e9b109578f5ee3d0fcec732.jpg,9,926.9,717.6,-86,-86.03,78
Screenshot_2026-05-21-21-56-10-58_54e368fb2e9b109578f5ee3d0fcec732.jpg,10,996.6,713.2,-85,-85.03,79
Screenshot_2026-05-21-21-57-09-03_54e368fb2e9b109578f5ee3d0fcec732.jpg,1,134.7,677.4,-77,-77.06,37
Screenshot_2026-05-21-21-57-09-03_54e368fb2e9b109578f5ee3d0fcec732.jpg,2,138.9,713.3,-85,-85.07,76
Screenshot_2026-05-21-21-57-09-03_54e368fb2e9b109578f5ee3d0fcec732.jpg,3,145.2,704.4,-83,-83.08,77
Screenshot_2026-05-21-21-57-09-03_54e368fb2e9b109578f5ee3d0fcec732.jpg,4,151.5,681.8,-78,-78.05,78
Screenshot_2026-05-21-21-57-09-03_54e368fb2e9b109578f5ee3d0fcec732.jpg,5,164.4,672.9,-76,-76.04,78
Screenshot_2026-05-21-21-57-09-03_54e368fb2e9b109578f5ee3d0fcec732.jpg,6,170.5,722.1,-87,-87.03,80
Screenshot_2026-05-21-21-57-09-03_54e368fb2e9b109578f5ee3d0fcec732.jpg,7,183.1,690.6,-80,-80.03,79
Screenshot_2026-05-21-21-57-09-03_54e368fb2e9b109578f5ee3d0fcec732.jpg,8,196.2,668.4,-75,-75.03,78
Screenshot_2026-05-21-21-57-09-03_54e368fb2e9b109578f5ee3d0fcec732.jpg,9,202.6,722.2,-87,-87.03,79
Screenshot_2026-05-21-21-57-09-03_54e368fb2e9b109578f5ee3d0fcec732.jpg,10,209.1,686.5,-79,-79.1,80
Screenshot_2026-05-21-21-57-09-03_54e368fb2e9b109578f5ee3d0fcec732.jpg,11,215.4,672.8,-76,-76.03,77
Screenshot_2026-05-21-21-57-09-03_54e368fb2e9b109578f5ee3d0fcec732.jpg,12,221.9,708.6,-84,-84.03,78
Screenshot_2026-05-21-21-57-09-03_54e368fb2e9b109578f5ee3d0fcec732.jpg,13,234.4,690.7,-80,-80.05,79
Screenshot_2026-05-21-21-57-09-03_54e368fb2e9b109578f5ee3d0fcec732.jpg,14,240.6,663.8,-74,-74.01,79
Screenshot_2026-05-21-21-57-09-03_54e368fb2e9b109578f5ee3d0fcec732.jpg,15,252.8,663.8,-74,-73.99,75
Screenshot_2026-05-21-21-57-09-03_54e368fb2e9b109578f5ee3d0fcec732.jpg,16,259.3,717.6,-86,-86.03,77
Screenshot_2026-05-21-21-57-09-03_54e368fb2e9b109578f5ee3d0fcec732.jpg,17,271.8,672.7,-76,-76.0,75
Screenshot_2026-05-21-21-57-09-03_54e368fb2e9b109578f5ee3d0fcec732.jpg,18,277.6,713.1,-85,-85.03,78
Screenshot_2026-05-21-21-57-09-03_54e368fb2e9b109578f5ee3d0fcec732.jpg,19,284.6,686.4,-79,-79.07,81
Screenshot_2026-05-21-21-57-09-03_54e368fb2e9b109578f5ee3d0fcec732.jpg,20,303.5,686.4,-79,-79.07,79
Screenshot_2026-05-21-21-57-09-03_54e368fb2e9b109578f5ee3d0fcec732.jpg,21,311.0,668.4,-75,-75.04,77
Screenshot_2026-05-21-21-57-09-03_54e368fb2e9b109578f5ee3d0fcec732.jpg,22,317.5,735.5,-90,-90.0,80
Screenshot_2026-05-21-21-57-09-03_54e368fb2e9b109578f5ee3d0fcec732.jpg,23,323.8,681.8,-78,-78.03,77
Screenshot_2026-05-21-21-57-09-03_54e368fb2e9b109578f5ee3d0fcec732.jpg,24,330.1,668.4,-75,-75.03,78
Screenshot_2026-05-21-21-57-09-03_54e368fb2e9b109578f5ee3d0fcec732.jpg,25,335.9,726.6,-88,-88.03,77
Screenshot_2026-05-21-21-57-09-03_54e368fb2e9b109578f5ee3d0fcec732.jpg,26,342.1,677.4,-77,-77.05,78
Screenshot_2026-05-21-21-57-09-03_54e368fb2e9b109578f5ee3d0fcec732.jpg,27,361.4,744.5,-92,-92.0,78
Screenshot_2026-05-21-21-57-09-03_54e368fb2e9b109578f5ee3d0fcec732.jpg,28,368.0,677.3,-77,-77.04,80
Screenshot_2026-05-21-21-57-09-03_54e368fb2e9b109578f5ee3d0fcec732.jpg,29,374.3,744.5,-92,-92.0,80
Screenshot_2026-05-21-21-57-09-03_54e368fb2e9b109578f5ee3d0fcec732.jpg,30,380.2,677.3,-77,-77.04,78
Screenshot_2026-05-21-21-57-09-03_54e368fb2e9b109578f5ee3d0fcec732.jpg,31,386.1,735.6,-90,-90.03,78
Screenshot_2026-05-21-21-57-09-03_54e368fb2e9b109578f5ee3d0fcec732.jpg,32,392.0,677.5,-77,-77.08,73
Screenshot_2026-05-21-21-57-09-03_54e368fb2e9b109578f5ee3d0fcec732.jpg,33,398.8,672.7,-76,-75.99,74
Screenshot_2026-05-21-21-57-09-03_54e368fb2e9b109578f5ee3d0fcec732.jpg,34,423.9,740.1,-91,-91.03,71
Screenshot_2026-05-21-21-57-09-03_54e368fb2e9b109578f5ee3d0fcec732.jpg,35,430.5,717.5,-86,-86.01,79
Screenshot_2026-05-21-21-57-09-03_54e368fb2e9b109578f5ee3d0fcec732.jpg,36,443.2,717.6,-86,-86.03,73
Screenshot_2026-05-21-21-57-09-03_54e368fb2e9b109578f5ee3d0fcec732.jpg,37,450.3,713.4,-85,-85.08,74
Screenshot_2026-05-21-21-57-09-03_54e368fb2e9b109578f5ee3d0fcec732.jpg,38,456.4,722.1,-87,-87.03,78
Screenshot_2026-05-21-21-57-09-03_54e368fb2e9b109578f5ee3d0fcec732.jpg,39,468.7,722.2,-87,-87.05,76
Screenshot_2026-05-21-21-57-09-03_54e368fb2e9b109578f5ee3d0fcec732.jpg,40,474.8,708.6,-84,-84.01,79
Screenshot_2026-05-21-21-57-09-03_54e368fb2e9b109578f5ee3d0fcec732.jpg,41,481.1,717.6,-86,-86.03,77
Screenshot_2026-05-21-21-57-09-03_54e368fb2e9b109578f5ee3d0fcec732.jpg,42,551.3,726.6,-88,-88.02,79
Screenshot_2026-05-21-21-57-09-03_54e368fb2e9b109578f5ee3d0fcec732.jpg,43,621.1,726.6,-88,-88.01,78
Screenshot_2026-05-21-21-57-09-03_54e368fb2e9b109578f5ee3d0fcec732.jpg,44,767.7,704.2,-83,-83.05,78
Screenshot_2026-05-21-21-57-09-03_54e368fb2e9b109578f5ee3d0fcec732.jpg,45,837.3,708.6,-84,-84.02,79
Screenshot_2026-05-21-21-57-09-03_54e368fb2e9b109578f5ee3d0fcec732.jpg,46,907.1,735.3,-90,-89.97,72
Screenshot_2026-05-21-21-57-09-03_54e368fb2e9b109578f5ee3d0fcec732.jpg,47,913.7,740.3,-91,-91.06,71
Screenshot_2026-05-21-21-57-09-03_54e368fb2e9b109578f5ee3d0fcec732.jpg,48,982.9,717.6,-86,-86.03,78
Screenshot_2026-05-21-21-58-44-20_54e368fb2e9b109578f5ee3d0fcec732.jpg,1,134.7,708.6,-84,-84.02,39
Screenshot_2026-05-21-21-58-44-20_54e368fb2e9b109578f5ee3d0fcec732.jpg,2,176.6,708.7,-84,-84.04,80
Screenshot_2026-05-21-21-58-44-20_54e368fb2e9b109578f5ee3d0fcec732.jpg,3,183.1,699.6,-82,-82.03,77
Screenshot_2026-05-21-21-58-44-20_54e368fb2e9b109578f5ee3d0fcec732.jpg,4,189.2,744.5,-92,-92.01,77
Screenshot_2026-05-21-21-58-44-20_54e368fb2e9b109578f5ee3d0fcec732.jpg,5,195.7,735.6,-90,-90.03,78
Screenshot_2026-05-21-21-58-44-20_54e368fb2e9b109578f5ee3d0fcec732.jpg,6,202.2,730.6,-89,-88.9,61
Screenshot_2026-05-21-21-58-44-20_54e368fb2e9b109578f5ee3d0fcec732.jpg,7,208.6,735.6,-90,-90.03,76
Screenshot_2026-05-21-21-58-44-20_54e368fb2e9b109578f5ee3d0fcec732.jpg,8,221.3,704.2,-83,-83.05,78
Screenshot_2026-05-21-21-58-44-20_54e368fb2e9b109578f5ee3d0fcec732.jpg,9,227.6,722.1,-87,-87.03,78
Screenshot_2026-05-21-21-58-44-20_54e368fb2e9b109578f5ee3d0fcec732.jpg,10,234.4,731.0,-89,-89.0,76
Screenshot_2026-05-21-21-58-44-20_54e368fb2e9b109578f5ee3d0fcec732.jpg,11,286.1,695.3,-81,-81.06,79
Screenshot_2026-05-21-21-58-44-20_54e368fb2e9b109578f5ee3d0fcec732.jpg,12,292.0,762.4,-96,-95.99,77
Screenshot_2026-05-21-21-58-44-20_54e368fb2e9b109578f5ee3d0fcec732.jpg,13,304.5,699.7,-82,-82.03,75
Screenshot_2026-05-21-21-58-44-20_54e368fb2e9b109578f5ee3d0fcec732.jpg,14,317.1,713.3,-85,-85.07,76
Screenshot_2026-05-21-21-58-44-20_54e368fb2e9b109578f5ee3d0fcec732.jpg,15,329.8,704.4,-83,-83.08,77
Screenshot_2026-05-21-21-58-44-20_54e368fb2e9b109578f5ee3d0fcec732.jpg,16,336.4,677.3,-77,-77.03,79
Screenshot_2026-05-21-21-58-44-20_54e368fb2e9b109578f5ee3d0fcec732.jpg,17,367.1,677.4,-77,-77.05,78
Screenshot_2026-05-21-21-58-44-20_54e368fb2e9b109578f5ee3d0fcec732.jpg,18,379.4,731.0,-89,-89.0,76
Screenshot_2026-05-21-21-58-44-20_54e368fb2e9b109578f5ee3d0fcec732.jpg,19,392.2,731.1,-89,-89.02,73
Screenshot_2026-05-21-21-58-44-20_54e368fb2e9b109578f5ee3d0fcec732.jpg,20,398.2,690.7,-80,-80.05,78
Screenshot_2026-05-21-21-58-44-20_54e368fb2e9b109578f5ee3d0fcec732.jpg,21,404.5,735.6,-90,-90.02,78
Screenshot_2026-05-21-21-58-44-20_54e368fb2e9b109578f5ee3d0fcec732.jpg,22,410.6,704.2,-83,-83.03,79
Screenshot_2026-05-21-21-58-44-20_54e368fb2e9b109578f5ee3d0fcec732.jpg,23,429.9,695.3,-81,-81.06,80
Screenshot_2026-05-21-21-58-44-20_54e368fb2e9b109578f5ee3d0fcec732.jpg,24,442.1,726.6,-88,-88.03,78
Screenshot_2026-05-21-21-58-44-20_54e368fb2e9b109578f5ee3d0fcec732.jpg,25,454.7,708.6,-84,-84.02,79
Screenshot_2026-05-21-21-58-44-20_54e368fb2e9b109578f5ee3d0fcec732.jpg,26,460.7,726.6,-88,-88.02,80
Screenshot_2026-05-21-21-58-44-20_54e368fb2e9b109578f5ee3d0fcec732.jpg,27,479.9,717.6,-86,-86.03,78
Screenshot_2026-05-21-21-58-44-20_54e368fb2e9b109578f5ee3d0fcec732.jpg,28,500.5,717.6,-86,-86.02,78
Screenshot_2026-05-21-21-58-44-20_54e368fb2e9b109578f5ee3d0fcec732.jpg,29,570.6,726.5,-88,-88.01,79
Screenshot_2026-05-21-21-58-44-20_54e368fb2e9b109578f5ee3d0fcec732.jpg,30,646.1,708.6,-84,-84.03,78
Screenshot_2026-05-21-21-58-44-20_54e368fb2e9b109578f5ee3d0fcec732.jpg,31,792.6,708.7,-84,-84.04,80
Screenshot_2026-05-21-21-58-44-20_54e368fb2e9b109578f5ee3d0fcec732.jpg,32,932.6,740.1,-91,-91.01,77
Screenshot_2026-05-21-22-00-05-41_54e368fb2e9b109578f5ee3d0fcec732.jpg,1,134.7,735.6,-90,-90.02,37
Screenshot_2026-05-21-22-00-05-41_54e368fb2e9b109578f5ee3d0fcec732.jpg,2,157.6,753.5,-94,-94.0,78
Screenshot_2026-05-21-22-00-05-41_54e368fb2e9b109578f5ee3d0fcec732.jpg,3,164.2,744.6,-92,-92.01,79
Screenshot_2026-05-21-22-00-05-41_54e368fb2e9b109578f5ee3d0fcec732.jpg,4,196.3,740.0,-91,-91.0,78
Screenshot_2026-05-21-22-00-05-41_54e368fb2e9b109578f5ee3d0fcec732.jpg,5,208.8,740.1,-91,-91.02,74
Screenshot_2026-05-21-22-00-05-41_54e368fb2e9b109578f5ee3d0fcec732.jpg,6,221.4,740.1,-91,-91.01,77
Screenshot_2026-05-21-22-00-05-41_54e368fb2e9b109578f5ee3d0fcec732.jpg,7,233.9,717.6,-86,-86.03,78
Screenshot_2026-05-21-22-00-05-41_54e368fb2e9b109578f5ee3d0fcec732.jpg,8,246.4,744.5,-92,-92.0,78
Screenshot_2026-05-21-22-00-05-41_54e368fb2e9b109578f5ee3d0fcec732.jpg,9,311.4,722.1,-87,-87.03,78
Screenshot_2026-05-21-22-00-05-41_54e368fb2e9b109578f5ee3d0fcec732.jpg,10,317.5,758.0,-95,-95.0,78
Screenshot_2026-05-21-22-00-05-41_54e368fb2e9b109578f5ee3d0fcec732.jpg,11,330.4,735.5,-90,-90.0,78
Screenshot_2026-05-21-22-00-05-41_54e368fb2e9b109578f5ee3d0fcec732.jpg,12,412.9,749.0,-93,-93.0,70
Screenshot_2026-05-21-22-00-05-41_54e368fb2e9b109578f5ee3d0fcec732.jpg,13,431.8,753.5,-94,-94.0,78
Screenshot_2026-05-21-22-00-05-41_54e368fb2e9b109578f5ee3d0fcec732.jpg,14,452.3,753.5,-94,-94.0,80
Screenshot_2026-05-21-22-00-05-41_54e368fb2e9b109578f5ee3d0fcec732.jpg,15,534.9,717.6,-86,-86.03,78
Screenshot_2026-05-21-22-00-05-41_54e368fb2e9b109578f5ee3d0fcec732.jpg,16,605.8,744.6,-92,-92.01,79
Screenshot_2026-05-21-22-00-05-41_54e368fb2e9b109578f5ee3d0fcec732.jpg,17,820.4,704.2,-83,-83.03,79
Screenshot_2026-05-21-22-00-05-41_54e368fb2e9b109578f5ee3d0fcec732.jpg,18,967.8,726.6,-88,-88.01,79
Screenshot_2026-05-21-22-01-13-26_54e368fb2e9b109578f5ee3d0fcec732.jpg,1,134.7,722.2,-87,-87.05,39
Screenshot_2026-05-21-22-01-13-26_54e368fb2e9b109578f5ee3d0fcec732.jpg,2,145.5,735.6,-90,-90.02,78
Screenshot_2026-05-21-22-01-13-26_54e368fb2e9b109578f5ee3d0fcec732.jpg,3,151.2,708.6,-84,-84.02,78
Screenshot_2026-05-21-22-01-13-26_54e368fb2e9b109578f5ee3d0fcec732.jpg,4,158.0,735.6,-90,-90.03,76
Screenshot_2026-05-21-22-01-13-26_54e368fb2e9b109578f5ee3d0fcec732.jpg,5,170.9,699.6,-82,-82.03,78
Screenshot_2026-05-21-22-01-13-26_54e368fb2e9b109578f5ee3d0fcec732.jpg,6,183.2,690.7,-80,-80.04,77
Screenshot_2026-05-21-22-01-13-26_54e368fb2e9b109578f5ee3d0fcec732.jpg,7,189.7,713.2,-85,-85.05,78
Screenshot_2026-05-21-22-01-13-26_54e368fb2e9b109578f5ee3d0fcec732.jpg,8,195.8,740.1,-91,-91.02,74
Screenshot_2026-05-21-22-01-13-26_54e368fb2e9b109578f5ee3d0fcec732.jpg,9,221.5,717.6,-86,-86.02,78
Screenshot_2026-05-21-22-01-13-26_54e368fb2e9b109578f5ee3d0fcec732.jpg,10,227.8,744.5,-92,-92.0,78
Screenshot_2026-05-21-22-01-13-26_54e368fb2e9b109578f5ee3d0fcec732.jpg,11,240.2,717.6,-86,-86.03,79
Screenshot_2026-05-21-22-01-13-26_54e368fb2e9b109578f5ee3d0fcec732.jpg,12,248.5,708.7,-84,-84.05,81
Screenshot_2026-05-21-22-01-13-26_54e368fb2e9b109578f5ee3d0fcec732.jpg,13,254.6,695.3,-81,-81.06,81
Screenshot_2026-05-21-22-01-13-26_54e368fb2e9b109578f5ee3d0fcec732.jpg,14,261.2,735.5,-90,-90.01,77
Screenshot_2026-05-21-22-01-13-26_54e368fb2e9b109578f5ee3d0fcec732.jpg,15,267.2,690.8,-80,-80.06,78
Screenshot_2026-05-21-22-01-13-26_54e368fb2e9b109578f5ee3d0fcec732.jpg,16,273.5,740.1,-91,-91.01,79
Screenshot_2026-05-21-22-01-13-26_54e368fb2e9b109578f5ee3d0fcec732.jpg,17,280.3,708.6,-84,-84.02,79
Screenshot_2026-05-21-22-01-13-26_54e368fb2e9b109578f5ee3d0fcec732.jpg,18,292.6,740.1,-91,-91.01,77
Screenshot_2026-05-21-22-01-13-26_54e368fb2e9b109578f5ee3d0fcec732.jpg,19,305.4,681.9,-78,-78.06,78
Screenshot_2026-05-21-22-01-13-26_54e368fb2e9b109578f5ee3d0fcec732.jpg,20,324.4,735.5,-90,-90.0,78
Screenshot_2026-05-21-22-01-13-26_54e368fb2e9b109578f5ee3d0fcec732.jpg,21,337.4,749.0,-93,-93.0,76
Screenshot_2026-05-21-22-01-13-26_54e368fb2e9b109578f5ee3d0fcec732.jpg,22,349.8,690.7,-80,-80.05,78
Screenshot_2026-05-21-22-01-13-26_54e368fb2e9b109578f5ee3d0fcec732.jpg,23,369.2,686.5,-79,-79.09,79
Screenshot_2026-05-21-22-01-13-26_54e368fb2e9b109578f5ee3d0fcec732.jpg,24,375.8,699.7,-82,-82.04,78
Screenshot_2026-05-21-22-01-13-26_54e368fb2e9b109578f5ee3d0fcec732.jpg,25,381.6,731.0,-89,-89.0,76
Screenshot_2026-05-21-22-01-13-26_54e368fb2e9b109578f5ee3d0fcec732.jpg,26,387.8,686.5,-79,-79.09,79
Screenshot_2026-05-21-22-01-13-26_54e368fb2e9b109578f5ee3d0fcec732.jpg,27,398.7,731.0,-89,-89.01,132
Screenshot_2026-05-21-22-01-13-26_54e368fb2e9b109578f5ee3d0fcec732.jpg,28,408.6,686.4,-79,-79.08,80
Screenshot_2026-05-21-22-01-13-26_54e368fb2e9b109578f5ee3d0fcec732.jpg,29,415.3,722.2,-87,-87.04,76
Screenshot_2026-05-21-22-01-13-26_54e368fb2e9b109578f5ee3d0fcec732.jpg,30,421.8,731.1,-89,-89.03,75
Screenshot_2026-05-21-22-01-13-26_54e368fb2e9b109578f5ee3d0fcec732.jpg,31,434.8,735.6,-90,-90.01,79
Screenshot_2026-05-21-22-01-13-26_54e368fb2e9b109578f5ee3d0fcec732.jpg,32,448.1,690.7,-80,-80.04,78
Screenshot_2026-05-21-22-01-13-26_54e368fb2e9b109578f5ee3d0fcec732.jpg,33,454.5,726.6,-88,-88.02,78
Screenshot_2026-05-21-22-01-13-26_54e368fb2e9b109578f5ee3d0fcec732.jpg,34,461.0,677.4,-77,-77.05,76
Screenshot_2026-05-21-22-01-13-26_54e368fb2e9b109578f5ee3d0fcec732.jpg,35,467.1,726.5,-88,-88.0,75
Screenshot_2026-05-21-22-01-13-26_54e368fb2e9b109578f5ee3d0fcec732.jpg,36,473.9,731.2,-89,-89.04,70
Screenshot_2026-05-21-22-01-13-26_54e368fb2e9b109578f5ee3d0fcec732.jpg,37,480.1,681.6,-78,-78.0,78
Screenshot_2026-05-21-22-01-13-26_54e368fb2e9b109578f5ee3d0fcec732.jpg,38,486.4,735.5,-90,-90.0,78
Screenshot_2026-05-21-22-01-13-26_54e368fb2e9b109578f5ee3d0fcec732.jpg,39,499.0,672.7,-76,-75.99,76
Screenshot_2026-05-21-22-01-13-26_54e368fb2e9b109578f5ee3d0fcec732.jpg,40,538.4,744.5,-92,-92.0,78
Screenshot_2026-05-21-22-01-13-26_54e368fb2e9b109578f5ee3d0fcec732.jpg,41,669.6,740.1,-91,-91.01,77
Screenshot_2026-05-21-22-01-13-26_54e368fb2e9b109578f5ee3d0fcec732.jpg,42,713.8,695.2,-81,-81.05,79
Screenshot_2026-05-21-22-01-13-26_54e368fb2e9b109578f5ee3d0fcec732.jpg,43,765.0,726.6,-88,-88.01,77
Screenshot_2026-05-21-22-01-13-26_54e368fb2e9b109578f5ee3d0fcec732.jpg,44,802.2,740.3,-91,-91.06,73
Screenshot_2026-05-21-22-01-13-26_54e368fb2e9b109578f5ee3d0fcec732.jpg,45,809.0,735.4,-90,-89.97,74
Screenshot_2026-05-21-22-01-13-26_54e368fb2e9b109578f5ee3d0fcec732.jpg,46,840.7,731.1,-89,-89.01,75
Screenshot_2026-05-21-22-01-13-26_54e368fb2e9b109578f5ee3d0fcec732.jpg,47,930.2,704.3,-83,-83.08,63
Screenshot_2026-05-21-22-01-13-26_54e368fb2e9b109578f5ee3d0fcec732.jpg,48,937.3,704.3,-83,-83.07,71
Screenshot_2026-05-21-22-01-13-26_54e368fb2e9b109578f5ee3d0fcec732.jpg,49,1016.9,726.6,-88,-88.01,67
Screenshot_2026-05-21-22-01-13-26_54e368fb2e9b109578f5ee3d0fcec732.jpg,50,1024.0,726.6,-88,-88.02,66
Screenshot_2026-05-21-22-02-40-19_54e368fb2e9b109578f5ee3d0fcec732.jpg,1,134.7,641.5,-69,-68.99,38
Screenshot_2026-05-21-22-02-40-19_54e368fb2e9b109578f5ee3d0fcec732.jpg,2,145.0,632.6,-67,-66.98,77
Screenshot_2026-05-21-22-02-40-19_54e368fb2e9b109578f5ee3d0fcec732.jpg,3,151.4,641.5,-69,-68.99,78
Screenshot_2026-05-21-22-02-40-19_54e368fb2e9b109578f5ee3d0fcec732.jpg,4,158.0,614.6,-63,-62.95,76
Screenshot_2026-05-21-22-02-40-19_54e368fb2e9b109578f5ee3d0fcec732.jpg,5,170.6,672.9,-76,-76.04,78
Screenshot_2026-05-21-22-02-40-19_54e368fb2e9b109578f5ee3d0fcec732.jpg,6,177.4,628.1,-66,-65.98,78
Screenshot_2026-05-21-22-02-40-19_54e368fb2e9b109578f5ee3d0fcec732.jpg,7,183.6,663.9,-74,-74.03,77
Screenshot_2026-05-21-22-02-40-19_54e368fb2e9b109578f5ee3d0fcec732.jpg,8,196.6,628.2,-66,-65.99,79
Screenshot_2026-05-21-22-02-40-19_54e368fb2e9b109578f5ee3d0fcec732.jpg,9,209.4,650.5,-71,-71.01,78
Screenshot_2026-05-21-22-02-40-19_54e368fb2e9b109578f5ee3d0fcec732.jpg,10,215.9,619.2,-64,-63.98,74
Screenshot_2026-05-21-22-02-40-19_54e368fb2e9b109578f5ee3d0fcec732.jpg,11,228.4,628.1,-66,-65.98,78
Screenshot_2026-05-21-22-02-40-19_54e368fb2e9b109578f5ee3d0fcec732.jpg,12,234.8,605.5,-61,-60.91,80
Screenshot_2026-05-21-22-02-40-19_54e368fb2e9b109578f5ee3d0fcec732.jpg,13,242.0,650.5,-71,-71.01,78
Screenshot_2026-05-21-22-02-40-19_54e368fb2e9b109578f5ee3d0fcec732.jpg,14,248.4,619.0,-64,-63.93,77
Screenshot_2026-05-21-22-02-40-19_54e368fb2e9b109578f5ee3d0fcec732.jpg,15,254.7,650.4,-71,-71.0,81
Screenshot_2026-05-21-22-02-40-19_54e368fb2e9b109578f5ee3d0fcec732.jpg,16,266.9,605.5,-61,-60.9,80
Screenshot_2026-05-21-22-02-40-19_54e368fb2e9b109578f5ee3d0fcec732.jpg,17,273.6,646.0,-70,-70.0,76
Screenshot_2026-05-21-22-02-40-19_54e368fb2e9b109578f5ee3d0fcec732.jpg,18,280.2,610.3,-62,-61.98,76
Screenshot_2026-05-21-22-02-40-19_54e368fb2e9b109578f5ee3d0fcec732.jpg,19,286.1,650.5,-71,-71.01,80
Screenshot_2026-05-21-22-02-40-19_54e368fb2e9b109578f5ee3d0fcec732.jpg,20,292.7,610.3,-62,-61.97,77
Screenshot_2026-05-21-22-02-40-19_54e368fb2e9b109578f5ee3d0fcec732.jpg,21,299.0,623.6,-65,-64.97,76
Screenshot_2026-05-21-22-02-40-19_54e368fb2e9b109578f5ee3d0fcec732.jpg,22,305.5,646.0,-70,-70.0,78
Screenshot_2026-05-21-22-02-40-19_54e368fb2e9b109578f5ee3d0fcec732.jpg,23,318.0,619.2,-64,-63.98,78
Screenshot_2026-05-21-22-02-40-19_54e368fb2e9b109578f5ee3d0fcec732.jpg,24,324.5,677.4,-77,-77.06,78
Screenshot_2026-05-21-22-02-40-19_54e368fb2e9b109578f5ee3d0fcec732.jpg,25,331.1,601.3,-60,-59.96,78
Screenshot_2026-05-21-22-02-40-19_54e368fb2e9b109578f5ee3d0fcec732.jpg,26,343.2,605.6,-61,-60.93,73
Screenshot_2026-05-21-22-02-40-19_54e368fb2e9b109578f5ee3d0fcec732.jpg,27,349.9,601.4,-60,-59.97,67
Screenshot_2026-05-21-22-02-40-19_54e368fb2e9b109578f5ee3d0fcec732.jpg,28,356.8,601.4,-60,-59.97,60
Screenshot_2026-05-21-22-02-40-19_54e368fb2e9b109578f5ee3d0fcec732.jpg,29,363.0,596.6,-59,-58.9,74
Screenshot_2026-05-21-22-02-40-19_54e368fb2e9b109578f5ee3d0fcec732.jpg,30,382.1,601.4,-60,-59.97,79
Screenshot_2026-05-21-22-02-40-19_54e368fb2e9b109578f5ee3d0fcec732.jpg,31,389.2,659.4,-73,-73.02,77
Screenshot_2026-05-21-22-02-40-19_54e368fb2e9b109578f5ee3d0fcec732.jpg,32,395.4,596.7,-59,-58.94,79
Screenshot_2026-05-21-22-02-40-19_54e368fb2e9b109578f5ee3d0fcec732.jpg,33,401.4,605.5,-61,-60.9,80
Screenshot_2026-05-21-22-02-40-19_54e368fb2e9b109578f5ee3d0fcec732.jpg,34,407.8,645.9,-70,-69.99,73
Screenshot_2026-05-21-22-02-40-19_54e368fb2e9b109578f5ee3d0fcec732.jpg,35,414.1,596.7,-59,-58.94,80
Screenshot_2026-05-21-22-02-40-19_54e368fb2e9b109578f5ee3d0fcec732.jpg,36,426.6,646.0,-70,-70.0,76
Screenshot_2026-05-21-22-02-40-19_54e368fb2e9b109578f5ee3d0fcec732.jpg,37,433.3,601.1,-60,-59.91,79
Screenshot_2026-05-21-22-02-40-19_54e368fb2e9b109578f5ee3d0fcec732.jpg,38,439.7,610.2,-62,-61.96,76
Screenshot_2026-05-21-22-02-40-19_54e368fb2e9b109578f5ee3d0fcec732.jpg,39,452.0,605.4,-61,-60.87,75
Screenshot_2026-05-21-22-02-40-19_54e368fb2e9b109578f5ee3d0fcec732.jpg,40,458.7,610.3,-62,-61.99,72
Screenshot_2026-05-21-22-02-40-19_54e368fb2e9b109578f5ee3d0fcec732.jpg,41,464.6,654.9,-72,-72.01,77
Screenshot_2026-05-21-22-02-40-19_54e368fb2e9b109578f5ee3d0fcec732.jpg,42,471.2,605.4,-61,-60.88,78
Screenshot_2026-05-21-22-02-40-19_54e368fb2e9b109578f5ee3d0fcec732.jpg,43,477.9,610.4,-62,-62.0,71
Screenshot_2026-05-21-22-02-40-19_54e368fb2e9b109578f5ee3d0fcec732.jpg,44,489.9,614.6,-63,-62.95,77
Screenshot_2026-05-21-22-02-40-19_54e368fb2e9b109578f5ee3d0fcec732.jpg,45,561.6,646.0,-70,-70.0,130
Screenshot_2026-05-21-22-02-40-19_54e368fb2e9b109578f5ee3d0fcec732.jpg,46,628.6,610.2,-62,-61.94,79
Screenshot_2026-05-21-22-02-40-19_54e368fb2e9b109578f5ee3d0fcec732.jpg,47,705.3,614.6,-63,-62.95,79
Screenshot_2026-05-21-22-02-40-19_54e368fb2e9b109578f5ee3d0fcec732.jpg,48,776.6,601.2,-60,-59.93,77
Screenshot_2026-05-21-22-02-40-19_54e368fb2e9b109578f5ee3d0fcec732.jpg,49,846.2,668.4,-75,-75.04,80
Screenshot_2026-05-21-22-02-40-19_54e368fb2e9b109578f5ee3d0fcec732.jpg,50,916.2,654.9,-72,-72.0,60
Screenshot_2026-05-21-22-02-40-19_54e368fb2e9b109578f5ee3d0fcec732.jpg,51,923.6,654.9,-72,-71.99,75
Screenshot_2026-05-21-22-02-40-19_54e368fb2e9b109578f5ee3d0fcec732.jpg,52,992.0,623.6,-65,-64.97,76
Screenshot_2026-05-21-22-04-03-94_54e368fb2e9b109578f5ee3d0fcec732.jpg,1,137.8,719.1,-86,-86.36,108
Screenshot_2026-05-21-22-04-03-94_54e368fb2e9b109578f5ee3d0fcec732.jpg,2,145.5,749.0,-93,-93.0,78
Screenshot_2026-05-21-22-04-03-94_54e368fb2e9b109578f5ee3d0fcec732.jpg,3,151.6,740.1,-91,-91.01,77
Screenshot_2026-05-21-22-04-03-94_54e368fb2e9b109578f5ee3d0fcec732.jpg,4,157.6,713.1,-85,-85.03,78
Screenshot_2026-05-21-22-04-03-94_54e368fb2e9b109578f5ee3d0fcec732.jpg,5,176.8,757.8,-95,-94.96,73
Screenshot_2026-05-21-22-04-03-94_54e368fb2e9b109578f5ee3d0fcec732.jpg,6,183.8,717.7,-86,-86.04,78
Screenshot_2026-05-21-22-04-03-94_54e368fb2e9b109578f5ee3d0fcec732.jpg,7,202.1,735.6,-90,-90.03,78
Screenshot_2026-05-21-22-04-03-94_54e368fb2e9b109578f5ee3d0fcec732.jpg,8,208.4,695.2,-81,-81.03,79
Screenshot_2026-05-21-22-04-03-94_54e368fb2e9b109578f5ee3d0fcec732.jpg,9,222.6,735.5,-90,-90.01,79
Screenshot_2026-05-21-22-04-03-94_54e368fb2e9b109578f5ee3d0fcec732.jpg,10,229.3,704.2,-83,-83.05,78
Screenshot_2026-05-21-22-04-03-94_54e368fb2e9b109578f5ee3d0fcec732.jpg,11,247.8,708.6,-84,-84.03,77
Screenshot_2026-05-21-22-04-03-94_54e368fb2e9b109578f5ee3d0fcec732.jpg,12,260.4,740.1,-91,-91.01,77
Screenshot_2026-05-21-22-04-03-94_54e368fb2e9b109578f5ee3d0fcec732.jpg,13,266.4,722.1,-87,-87.03,78
Screenshot_2026-05-21-22-04-03-94_54e368fb2e9b109578f5ee3d0fcec732.jpg,14,272.8,735.6,-90,-90.01,79
Screenshot_2026-05-21-22-04-03-94_54e368fb2e9b109578f5ee3d0fcec732.jpg,15,279.2,722.2,-87,-87.05,75
Screenshot_2026-05-21-22-04-03-94_54e368fb2e9b109578f5ee3d0fcec732.jpg,16,297.7,713.2,-85,-85.05,78
Screenshot_2026-05-21-22-04-03-94_54e368fb2e9b109578f5ee3d0fcec732.jpg,17,304.3,722.3,-87,-87.06,75
Screenshot_2026-05-21-22-04-03-94_54e368fb2e9b109578f5ee3d0fcec732.jpg,18,309.9,704.5,-83,-83.12,74
Screenshot_2026-05-21-22-04-03-94_54e368fb2e9b109578f5ee3d0fcec732.jpg,19,316.1,699.5,-82,-82.0,64
Screenshot_2026-05-21-22-04-03-94_54e368fb2e9b109578f5ee3d0fcec732.jpg,20,322.2,695.3,-81,-81.08,70
Screenshot_2026-05-21-22-04-03-94_54e368fb2e9b109578f5ee3d0fcec732.jpg,21,329.1,690.5,-80,-80.01,76
Screenshot_2026-05-21-22-04-03-94_54e368fb2e9b109578f5ee3d0fcec732.jpg,22,335.5,708.6,-84,-84.03,79
Screenshot_2026-05-21-22-04-03-94_54e368fb2e9b109578f5ee3d0fcec732.jpg,23,341.5,695.2,-81,-81.04,78
Screenshot_2026-05-21-22-04-03-94_54e368fb2e9b109578f5ee3d0fcec732.jpg,24,354.2,717.6,-86,-86.03,79
Screenshot_2026-05-21-22-04-03-94_54e368fb2e9b109578f5ee3d0fcec732.jpg,25,360.5,695.2,-81,-81.04,75
Screenshot_2026-05-21-22-04-03-94_54e368fb2e9b109578f5ee3d0fcec732.jpg,26,367.5,699.8,-82,-82.06,74
Screenshot_2026-05-21-22-04-03-94_54e368fb2e9b109578f5ee3d0fcec732.jpg,27,373.3,708.7,-84,-84.04,80
Screenshot_2026-05-21-22-04-03-94_54e368fb2e9b109578f5ee3d0fcec732.jpg,28,385.9,695.3,-81,-81.06,79
Screenshot_2026-05-21-22-04-03-94_54e368fb2e9b109578f5ee3d0fcec732.jpg,29,392.1,708.6,-84,-84.03,77
Screenshot_2026-05-21-22-04-03-94_54e368fb2e9b109578f5ee3d0fcec732.jpg,30,411.3,695.3,-81,-81.06,79
Screenshot_2026-05-21-22-04-03-94_54e368fb2e9b109578f5ee3d0fcec732.jpg,31,417.0,704.4,-83,-83.1,74
Screenshot_2026-05-21-22-04-03-94_54e368fb2e9b109578f5ee3d0fcec732.jpg,32,423.8,699.7,-82,-82.04,70
Screenshot_2026-05-21-22-04-03-94_54e368fb2e9b109578f5ee3d0fcec732.jpg,33,430.3,695.1,-81,-81.02,74
Screenshot_2026-05-21-22-04-03-94_54e368fb2e9b109578f5ee3d0fcec732.jpg,34,438.1,722.4,-87,-87.08,77
Screenshot_2026-05-21-22-04-03-94_54e368fb2e9b109578f5ee3d0fcec732.jpg,35,449.9,713.1,-85,-85.02,69
Screenshot_2026-05-21-22-04-03-94_54e368fb2e9b109578f5ee3d0fcec732.jpg,36,456.5,717.8,-86,-86.06,74
Screenshot_2026-05-21-22-04-03-94_54e368fb2e9b109578f5ee3d0fcec732.jpg,37,469.2,726.6,-88,-88.02,78
Screenshot_2026-05-21-22-04-03-94_54e368fb2e9b109578f5ee3d0fcec732.jpg,38,475.4,717.5,-86,-86.0,77
Screenshot_2026-05-21-22-04-03-94_54e368fb2e9b109578f5ee3d0fcec732.jpg,39,482.6,722.3,-87,-87.07,73
Screenshot_2026-05-21-22-04-03-94_54e368fb2e9b109578f5ee3d0fcec732.jpg,40,551.9,717.6,-86,-86.03,77
Screenshot_2026-05-21-22-04-03-94_54e368fb2e9b109578f5ee3d0fcec732.jpg,41,630.3,695.3,-81,-81.06,79
Screenshot_2026-05-21-22-04-03-94_54e368fb2e9b109578f5ee3d0fcec732.jpg,42,695.2,717.7,-86,-86.04,78
Screenshot_2026-05-21-22-04-03-94_54e368fb2e9b109578f5ee3d0fcec732.jpg,43,843.1,713.3,-85,-85.06,74
Screenshot_2026-05-21-22-04-03-94_54e368fb2e9b109578f5ee3d0fcec732.jpg,44,913.1,749.0,-93,-92.99,72
Screenshot_2026-05-21-22-04-03-94_54e368fb2e9b109578f5ee3d0fcec732.jpg,45,990.8,690.7,-80,-80.04,79
Screenshot_2026-05-21-22-05-28-87_54e368fb2e9b109578f5ee3d0fcec732.jpg,1,134.7,713.2,-85,-85.04,37
Screenshot_2026-05-21-22-05-28-87_54e368fb2e9b109578f5ee3d0fcec732.jpg,2,158.2,735.5,-90,-90.0,78
Screenshot_2026-05-21-22-05-28-87_54e368fb2e9b109578f5ee3d0fcec732.jpg,3,176.9,717.6,-86,-86.03,78
Screenshot_2026-05-21-22-05-28-87_54e368fb2e9b109578f5ee3d0fcec732.jpg,4,196.4,713.2,-85,-85.04,80
Screenshot_2026-05-21-22-05-28-87_54e368fb2e9b109578f5ee3d0fcec732.jpg,5,210.6,740.1,-91,-91.01,77
Screenshot_2026-05-21-22-05-28-87_54e368fb2e9b109578f5ee3d0fcec732.jpg,6,223.2,740.1,-91,-91.03,74
Screenshot_2026-05-21-22-05-28-87_54e368fb2e9b109578f5ee3d0fcec732.jpg,7,229.3,704.2,-83,-83.05,78
Screenshot_2026-05-21-22-05-28-87_54e368fb2e9b109578f5ee3d0fcec732.jpg,8,238.5,740.1,-91,-91.02,130
Screenshot_2026-05-21-22-05-28-87_54e368fb2e9b109578f5ee3d0fcec732.jpg,9,248.1,708.6,-84,-84.03,77
Screenshot_2026-05-21-22-05-28-87_54e368fb2e9b109578f5ee3d0fcec732.jpg,10,253.7,731.1,-89,-89.02,74
Screenshot_2026-05-21-22-05-28-87_54e368fb2e9b109578f5ee3d0fcec732.jpg,11,260.1,749.0,-93,-93.0,70
Screenshot_2026-05-21-22-05-28-87_54e368fb2e9b109578f5ee3d0fcec732.jpg,12,266.5,722.1,-87,-87.03,80
Screenshot_2026-05-21-22-05-28-87_54e368fb2e9b109578f5ee3d0fcec732.jpg,13,273.2,735.5,-90,-90.0,78
Screenshot_2026-05-21-22-05-28-87_54e368fb2e9b109578f5ee3d0fcec732.jpg,14,285.8,731.1,-89,-89.02,74
Screenshot_2026-05-21-22-05-28-87_54e368fb2e9b109578f5ee3d0fcec732.jpg,15,292.0,744.5,-92,-92.0,78
Screenshot_2026-05-21-22-05-28-87_54e368fb2e9b109578f5ee3d0fcec732.jpg,16,298.5,731.0,-89,-89.0,78
Screenshot_2026-05-21-22-05-28-87_54e368fb2e9b109578f5ee3d0fcec732.jpg,17,311.3,704.3,-83,-83.06,77
Screenshot_2026-05-21-22-05-28-87_54e368fb2e9b109578f5ee3d0fcec732.jpg,18,323.8,726.6,-88,-88.02,78
Screenshot_2026-05-21-22-05-28-87_54e368fb2e9b109578f5ee3d0fcec732.jpg,19,342.6,726.5,-88,-88.0,78
Screenshot_2026-05-21-22-05-28-87_54e368fb2e9b109578f5ee3d0fcec732.jpg,20,368.2,726.6,-88,-88.01,79
Screenshot_2026-05-21-22-05-28-87_54e368fb2e9b109578f5ee3d0fcec732.jpg,21,380.6,722.2,-87,-87.05,76
Screenshot_2026-05-21-22-05-28-87_54e368fb2e9b109578f5ee3d0fcec732.jpg,22,394.6,740.1,-91,-91.01,77
Screenshot_2026-05-21-22-05-28-87_54e368fb2e9b109578f5ee3d0fcec732.jpg,23,407.6,744.5,-92,-92.0,78
Screenshot_2026-05-21-22-05-28-87_54e368fb2e9b109578f5ee3d0fcec732.jpg,24,420.5,740.0,-91,-91.0,78
Screenshot_2026-05-21-22-05-28-87_54e368fb2e9b109578f5ee3d0fcec732.jpg,25,432.6,744.5,-92,-92.0,78
Screenshot_2026-05-21-22-05-28-87_54e368fb2e9b109578f5ee3d0fcec732.jpg,26,438.3,726.7,-88,-88.04,69
Screenshot_2026-05-21-22-05-28-87_54e368fb2e9b109578f5ee3d0fcec732.jpg,27,445.9,726.4,-88,-87.99,71
Screenshot_2026-05-21-22-05-28-87_54e368fb2e9b109578f5ee3d0fcec732.jpg,28,457.2,717.7,-86,-86.04,78
Screenshot_2026-05-21-22-05-28-87_54e368fb2e9b109578f5ee3d0fcec732.jpg,29,463.8,731.1,-89,-89.02,74
Screenshot_2026-05-21-22-05-28-87_54e368fb2e9b109578f5ee3d0fcec732.jpg,30,470.3,713.2,-85,-85.04,75
Screenshot_2026-05-21-22-05-28-87_54e368fb2e9b109578f5ee3d0fcec732.jpg,31,477.4,717.7,-86,-86.05,74
Screenshot_2026-05-21-22-05-28-87_54e368fb2e9b109578f5ee3d0fcec732.jpg,32,483.4,740.1,-91,-91.01,77
Screenshot_2026-05-21-22-05-28-87_54e368fb2e9b109578f5ee3d0fcec732.jpg,33,489.8,726.6,-88,-88.02,78
Screenshot_2026-05-21-22-05-28-87_54e368fb2e9b109578f5ee3d0fcec732.jpg,34,502.2,744.6,-92,-92.01,79
Screenshot_2026-05-21-22-05-28-87_54e368fb2e9b109578f5ee3d0fcec732.jpg,35,572.6,749.0,-93,-92.99,75
Screenshot_2026-05-21-22-05-28-87_54e368fb2e9b109578f5ee3d0fcec732.jpg,36,641.6,740.1,-91,-91.01,77
Screenshot_2026-05-21-22-05-28-87_54e368fb2e9b109578f5ee3d0fcec732.jpg,37,783.5,735.5,-90,-90.01,79
Screenshot_2026-05-21-22-05-28-87_54e368fb2e9b109578f5ee3d0fcec732.jpg,38,855.6,735.5,-90,-90.0,78
Screenshot_2026-05-21-22-05-28-87_54e368fb2e9b109578f5ee3d0fcec732.jpg,39,931.5,735.5,-90,-90.0,77
Screenshot_2026-05-21-22-05-28-87_54e368fb2e9b109578f5ee3d0fcec732.jpg,40,1001.4,713.2,-85,-85.04,77
Screenshot_2026-05-21-22-07-06-85_54e368fb2e9b109578f5ee3d0fcec732.jpg,1,134.8,753.4,-94,-93.98,36
Screenshot_2026-05-21-22-07-06-85_54e368fb2e9b109578f5ee3d0fcec732.jpg,2,145.1,753.5,-94,-94.0,76
Screenshot_2026-05-21-22-07-06-85_54e368fb2e9b109578f5ee3d0fcec732.jpg,3,151.5,726.6,-88,-88.02,78
Screenshot_2026-05-21-22-07-06-85_54e368fb2e9b109578f5ee3d0fcec732.jpg,4,169.7,704.3,-83,-83.06,77
Screenshot_2026-05-21-22-07-06-85_54e368fb2e9b109578f5ee3d0fcec732.jpg,5,176.2,740.1,-91,-91.02,74
Screenshot_2026-05-21-22-07-06-85_54e368fb2e9b109578f5ee3d0fcec732.jpg,6,188.9,731.2,-89,-89.04,74
Screenshot_2026-05-21-22-07-06-85_54e368fb2e9b109578f5ee3d0fcec732.jpg,7,201.5,708.6,-84,-84.02,78
Screenshot_2026-05-21-22-07-06-85_54e368fb2e9b109578f5ee3d0fcec732.jpg,8,220.1,704.4,-83,-83.09,78
Screenshot_2026-05-21-22-07-06-85_54e368fb2e9b109578f5ee3d0fcec732.jpg,9,226.5,726.6,-88,-88.02,78
Screenshot_2026-05-21-22-07-06-85_54e368fb2e9b109578f5ee3d0fcec732.jpg,10,238.7,699.8,-82,-82.06,78
Screenshot_2026-05-21-22-07-06-85_54e368fb2e9b109578f5ee3d0fcec732.jpg,11,244.7,726.8,-88,-88.06,71
Screenshot_2026-05-21-22-07-06-85_54e368fb2e9b109578f5ee3d0fcec732.jpg,12,251.3,722.2,-87,-87.05,72
Screenshot_2026-05-21-22-07-06-85_54e368fb2e9b109578f5ee3d0fcec732.jpg,13,258.1,704.4,-83,-83.08,77
Screenshot_2026-05-21-22-07-06-85_54e368fb2e9b109578f5ee3d0fcec732.jpg,14,270.2,731.1,-89,-89.02,72
Screenshot_2026-05-21-22-07-06-85_54e368fb2e9b109578f5ee3d0fcec732.jpg,15,283.1,731.2,-89,-89.03,72
Screenshot_2026-05-21-22-07-06-85_54e368fb2e9b109578f5ee3d0fcec732.jpg,16,289.1,704.3,-83,-83.08,76
Screenshot_2026-05-21-22-07-06-85_54e368fb2e9b109578f5ee3d0fcec732.jpg,17,301.4,744.5,-92,-92.0,78
Screenshot_2026-05-21-22-07-06-85_54e368fb2e9b109578f5ee3d0fcec732.jpg,18,321.8,731.1,-89,-89.01,73
Screenshot_2026-05-21-22-07-06-85_54e368fb2e9b109578f5ee3d0fcec732.jpg,19,340.6,744.5,-92,-92.0,78
Screenshot_2026-05-21-22-07-06-85_54e368fb2e9b109578f5ee3d0fcec732.jpg,20,353.2,722.2,-87,-87.05,75
Screenshot_2026-05-21-22-07-06-85_54e368fb2e9b109578f5ee3d0fcec732.jpg,21,365.8,757.9,-95,-94.99,73
Screenshot_2026-05-21-22-07-06-85_54e368fb2e9b109578f5ee3d0fcec732.jpg,22,372.1,717.6,-86,-86.03,78
Screenshot_2026-05-21-22-07-06-85_54e368fb2e9b109578f5ee3d0fcec732.jpg,23,384.6,713.1,-85,-85.03,78
Screenshot_2026-05-21-22-07-06-85_54e368fb2e9b109578f5ee3d0fcec732.jpg,24,391.4,740.1,-91,-91.01,77
Screenshot_2026-05-21-22-07-06-85_54e368fb2e9b109578f5ee3d0fcec732.jpg,25,397.4,722.1,-87,-87.03,78
Screenshot_2026-05-21-22-07-06-85_54e368fb2e9b109578f5ee3d0fcec732.jpg,26,410.4,757.9,-95,-94.99,77
Screenshot_2026-05-21-22-07-06-85_54e368fb2e9b109578f5ee3d0fcec732.jpg,27,415.9,722.2,-87,-87.03,66
Screenshot_2026-05-21-22-07-06-85_54e368fb2e9b109578f5ee3d0fcec732.jpg,28,423.2,722.1,-87,-87.03,68
Screenshot_2026-05-21-22-07-06-85_54e368fb2e9b109578f5ee3d0fcec732.jpg,29,435.0,726.8,-88,-88.07,70
Screenshot_2026-05-21-22-07-06-85_54e368fb2e9b109578f5ee3d0fcec732.jpg,30,441.6,722.2,-87,-87.04,77
Screenshot_2026-05-21-22-07-06-85_54e368fb2e9b109578f5ee3d0fcec732.jpg,31,453.7,735.6,-90,-90.01,78
Screenshot_2026-05-21-22-07-06-85_54e368fb2e9b109578f5ee3d0fcec732.jpg,32,460.2,726.6,-88,-88.01,79
Screenshot_2026-05-21-22-07-06-85_54e368fb2e9b109578f5ee3d0fcec732.jpg,33,472.8,744.5,-92,-92.0,78
Screenshot_2026-05-21-22-07-06-85_54e368fb2e9b109578f5ee3d0fcec732.jpg,34,549.9,717.6,-86,-86.03,78
Screenshot_2026-05-21-22-07-06-85_54e368fb2e9b109578f5ee3d0fcec732.jpg,35,625.6,735.5,-90,-90.0,78
Screenshot_2026-05-21-22-07-06-85_54e368fb2e9b109578f5ee3d0fcec732.jpg,36,696.4,726.5,-88,-88.0,78
Screenshot_2026-05-21-22-07-06-85_54e368fb2e9b109578f5ee3d0fcec732.jpg,37,840.5,717.6,-86,-86.02,78
Screenshot_2026-05-21-22-07-06-85_54e368fb2e9b109578f5ee3d0fcec732.jpg,38,911.4,704.2,-83,-83.04,79
Screenshot_2026-05-21-22-07-06-85_54e368fb2e9b109578f5ee3d0fcec732.jpg,39,981.4,704.2,-83,-83.03,79
Screenshot_2026-05-21-22-08-52-76_54e368fb2e9b109578f5ee3d0fcec732.jpg,1,137.9,753.4,-94,-93.98,96
Screenshot_2026-05-21-22-08-52-76_54e368fb2e9b109578f5ee3d0fcec732.jpg,2,177.3,695.2,-81,-81.06,60
Screenshot_2026-05-21-22-08-52-76_54e368fb2e9b109578f5ee3d0fcec732.jpg,3,184.6,695.2,-81,-81.04,76
Screenshot_2026-05-21-22-08-52-76_54e368fb2e9b109578f5ee3d0fcec732.jpg,4,228.9,722.4,-87,-87.09,78
Screenshot_2026-05-21-22-08-52-76_54e368fb2e9b109578f5ee3d0fcec732.jpg,5,267.0,726.6,-88,-88.03,76
Screenshot_2026-05-21-22-08-52-76_54e368fb2e9b109578f5ee3d0fcec732.jpg,6,273.5,695.2,-81,-81.04,78
Screenshot_2026-05-21-22-08-52-76_54e368fb2e9b109578f5ee3d0fcec732.jpg,7,312.7,713.2,-85,-85.05,76
Screenshot_2026-05-21-22-08-52-76_54e368fb2e9b109578f5ee3d0fcec732.jpg,8,356.7,713.4,-85,-85.08,75
Screenshot_2026-05-21-22-08-52-76_54e368fb2e9b109578f5ee3d0fcec732.jpg,9,363.7,717.6,-86,-86.03,72
Screenshot_2026-05-21-22-08-52-76_54e368fb2e9b109578f5ee3d0fcec732.jpg,10,401.8,740.1,-91,-91.03,74
Screenshot_2026-05-21-22-08-52-76_54e368fb2e9b109578f5ee3d0fcec732.jpg,11,445.7,704.2,-83,-83.05,78
Screenshot_2026-05-21-22-08-52-76_54e368fb2e9b109578f5ee3d0fcec732.jpg,12,536.5,677.4,-77,-77.06,78
Screenshot_2026-05-21-22-08-52-76_54e368fb2e9b109578f5ee3d0fcec732.jpg,13,580.7,677.4,-77,-77.05,79
Screenshot_2026-05-21-22-08-52-76_54e368fb2e9b109578f5ee3d0fcec732.jpg,14,626.1,699.6,-82,-82.03,77
Screenshot_2026-05-21-22-08-52-76_54e368fb2e9b109578f5ee3d0fcec732.jpg,15,663.8,686.5,-79,-79.09,79
Screenshot_2026-05-21-22-08-52-76_54e368fb2e9b109578f5ee3d0fcec732.jpg,16,669.7,695.3,-81,-81.06,81
Screenshot_2026-05-21-22-08-52-76_54e368fb2e9b109578f5ee3d0fcec732.jpg,17,708.1,704.4,-83,-83.09,78
Screenshot_2026-05-21-22-08-52-76_54e368fb2e9b109578f5ee3d0fcec732.jpg,18,752.6,704.2,-83,-83.03,79
Screenshot_2026-05-21-22-08-52-76_54e368fb2e9b109578f5ee3d0fcec732.jpg,19,791.1,695.2,-81,-81.03,72
Screenshot_2026-05-21-22-08-52-76_54e368fb2e9b109578f5ee3d0fcec732.jpg,20,797.8,699.6,-82,-82.02,71
Screenshot_2026-05-21-22-08-52-76_54e368fb2e9b109578f5ee3d0fcec732.jpg,21,835.4,672.9,-76,-76.04,78
Screenshot_2026-05-21-22-08-52-76_54e368fb2e9b109578f5ee3d0fcec732.jpg,22,878.7,672.7,-76,-75.99,69
Screenshot_2026-05-21-22-08-52-76_54e368fb2e9b109578f5ee3d0fcec732.jpg,23,886.1,672.8,-76,-76.03,66
Screenshot_2026-05-21-22-08-52-76_54e368fb2e9b109578f5ee3d0fcec732.jpg,24,923.3,708.7,-84,-84.04,73
Screenshot_2026-05-21-22-08-52-76_54e368fb2e9b109578f5ee3d0fcec732.jpg,25,929.9,704.2,-83,-83.03,72
Screenshot_2026-05-21-22-08-52-76_54e368fb2e9b109578f5ee3d0fcec732.jpg,26,967.6,713.3,-85,-85.07,70
Screenshot_2026-05-21-22-08-52-76_54e368fb2e9b109578f5ee3d0fcec732.jpg,27,975.6,713.3,-85,-85.06,73
Screenshot_2026-05-21-22-08-52-76_54e368fb2e9b109578f5ee3d0fcec732.jpg,28,1012.5,677.6,-77,-77.09,72
Screenshot_2026-05-21-22-08-52-76_54e368fb2e9b109578f5ee3d0fcec732.jpg,29,1019.0,672.6,-76,-75.97,72
